"date","Open","High","Low","Close","Volume","Adjusted"
2016-03-21,165.050003,165.309998,164.410004,164.839996,2095100,142.371017
2016-03-22,164.5,165.5,164.389999,164.910004,2146300,142.431564
2016-03-23,164.600006,164.990005,163.460007,164.270004,2305000,141.878738
2016-03-24,163.679993,164.539993,163.050003,164.460007,1868800,142.042877
2016-03-28,164.929993,166.649994,164.580002,166.279999,2336700,143.614777
2016-03-29,164.929993,164.990005,163.119995,164.389999,2525000,141.982361
2016-03-30,165.369995,167.220001,165.160004,166.75,2195300,144.020706
2016-03-31,166.75,167.5,166.5,166.630005,1777200,143.917099
2016-04-01,165.630005,167.740005,164.789993,167.529999,2011600,144.694427
2016-04-04,167.110001,167.490005,165.919998,166.399994,2022800,143.718414
2016-04-05,165.179993,166.550003,164.649994,165.809998,1617400,143.208832
2016-04-06,165.339996,167.080002,164.839996,166.809998,2092200,144.07251
2016-04-07,165.880005,167.229996,165.25,167.160004,2728300,144.374878
2016-04-08,167.710007,167.990005,166.100006,166.630005,1729300,143.917099
2016-04-11,167.119995,167.960007,166.570007,166.589996,1521100,143.882538
2016-04-12,167.009995,168.399994,166.929993,168.029999,1636500,145.126266
2016-04-13,168.470001,168.899994,167.710007,168.589996,1545900,145.609894
2016-04-14,169,169,167.880005,168.160004,1213400,145.238541
2016-04-15,168.320007,169,168.199997,168.779999,1417000,145.774002
2016-04-18,168.470001,169.869995,168.389999,169.550003,1146600,146.439056
2016-04-19,169.919998,170.770004,169.070007,169.649994,1849100,146.525406
2016-04-20,170.139999,170.449997,168.619995,168.940002,1439700,145.912231
2016-04-21,168.970001,169.699997,168.410004,168.660004,1635000,145.670349
2016-04-22,169.089996,169.759995,167.850006,168.660004,1802300,145.670349
2016-04-25,168,168.509995,166.639999,168.380005,2378300,145.428528
2016-04-26,167.5,167.789993,164.970001,166.179993,3192100,143.528381
2016-04-27,166.990005,168.380005,166.100006,167.759995,2227700,144.893021
2016-04-28,166.850006,168.770004,166.199997,167,1654700,144.236649
2016-04-29,166.979996,167.779999,166.5,167.380005,1961200,144.564835
2016-05-02,167.300003,168.5,166.940002,168.339996,1700300,145.394012
2016-05-03,167.389999,168.070007,166.660004,167.970001,1922200,145.074448
2016-05-04,166.369995,167.699997,166.289993,167.160004,2118100,144.374878
2016-05-05,167.460007,168.330002,167.190002,167.770004,1680200,144.901657
2016-05-06,167.839996,169.050003,167,168.889999,1630200,145.869019
2016-05-09,168.589996,169.050003,167.690002,168.520004,1301300,145.549454
2016-05-10,169.229996,170.389999,169,170.259995,1732600,147.052231
2016-05-11,170.199997,171.270004,169.570007,169.770004,1786400,146.629089
2016-05-12,169.860001,170.630005,168.759995,170.149994,1741900,146.95726
2016-05-13,170.050003,170.380005,167.820007,168.320007,1875900,145.376678
2016-05-16,168.5,169.899994,168.429993,169.550003,1826200,146.439056
2016-05-17,169.570007,169.940002,167.089996,167.809998,2126000,144.936218
2016-05-18,166.5,167.929993,165.759995,166.820007,1624400,145.040573
2016-05-19,165.369995,166.059998,163.169998,165.110001,1657300,143.553818
2016-05-20,165.25,166.470001,164.929993,165.009995,1746500,143.466858
2016-05-23,165.279999,166.559998,164.520004,166.110001,1653500,144.423233
2016-05-24,167.160004,168.789993,166.699997,168.630005,1627400,146.614243
2016-05-25,169,170.360001,168.75,169.990005,1860000,147.796661
2016-05-26,170.009995,170.770004,168.529999,168.910004,1563900,146.857666
2016-05-27,168.910004,169.029999,168.279999,168.889999,1099100,146.840302
2016-05-31,169.320007,169.75,167.660004,168.320007,2169600,146.344696
2016-06-01,167.779999,168.929993,167.089996,168.690002,1228200,146.666458
2016-06-02,168.710007,168.710007,167.270004,168.039993,1980500,146.101288
2016-06-03,168.050003,168.660004,167.509995,168.380005,1433500,146.396881
2016-06-06,168.850006,170.589996,168.589996,170.080002,1510700,147.874939
2016-06-07,170.25,171.490005,170.220001,170.910004,1723100,148.596603
2016-06-08,170.949997,171.929993,170.649994,171.419998,1684900,149.039978
2016-06-09,170.5,171.470001,169.399994,170.130005,2208800,147.918427
2016-06-10,169.270004,169.300003,167.880005,168.559998,2123400,146.553406
2016-06-13,168.449997,168.639999,167.110001,167.130005,2129900,145.310089
2016-06-14,167.289993,167.809998,166.600006,167.610001,2021400,145.727417
2016-06-15,167.949997,168.860001,167.470001,167.800003,1694200,145.892609
2016-06-16,167.350006,170.389999,166.619995,169.929993,2632100,147.744522
2016-06-17,169.990005,170,168.419998,168.940002,3448000,146.88382
2016-06-20,170.899994,172.800003,170.529999,171.229996,2162800,148.874832
2016-06-21,171.179993,171.970001,171.059998,171.369995,1889100,148.996552
2016-06-22,171.830002,172.600006,170.990005,171.229996,1369600,148.874832
2016-06-23,172.710007,174.149994,172.460007,174.110001,2021600,151.378815
2016-06-24,168.869995,171.539993,168.399994,169.119995,4567500,147.040314
2016-06-27,167.779999,167.830002,165.160004,167.190002,2544100,145.362289
2016-06-28,168.139999,169.669998,167.960007,169.589996,2237300,147.448914
2016-06-29,171.020004,171.850006,170.360001,171.520004,1894100,149.126953
2016-06-30,172.059998,175.139999,172.059998,175.119995,2449400,152.256943
2016-07-01,175.139999,176.080002,174.910004,175.539993,1930900,152.622116
2016-07-05,174.860001,175.779999,173.509995,175.630005,2353600,152.700363
2016-07-06,175.199997,175.470001,174.059998,175.160004,2383300,152.291733
2016-07-07,175.089996,175.639999,174.130005,174.869995,1842300,152.039597
2016-07-08,175.869995,177.789993,175.820007,177.119995,2726600,153.995819
2016-07-11,177.410004,178.470001,177.190002,178.009995,1659500,154.769638
2016-07-12,178.75,179.630005,178.029999,179.160004,1912900,155.769501
2016-07-13,179.220001,179.669998,178.690002,179.210007,1491500,155.812943
2016-07-14,180.149994,181.320007,179.880005,180.899994,1904300,157.282333
2016-07-15,181.5,181.839996,180.559998,181.399994,2475200,157.717041
2016-07-18,181.440002,181.699997,180.75,181.110001,1224400,157.46492
2016-07-19,181.110001,181.649994,180.289993,181.240005,1051300,157.577957
2016-07-20,181.729996,182.270004,181.320007,181.419998,1413300,157.734406
2016-07-21,181.289993,181.559998,179.699997,180.259995,1870800,156.725876
2016-07-22,180.419998,180.529999,179.360001,180.440002,1205600,156.88237
2016-07-25,180.199997,180.419998,178.919998,179.630005,1937000,156.178146
2016-07-26,177.169998,178.990005,176.139999,177.660004,3421600,154.465332
2016-07-27,177.410004,178.940002,177.410004,178.270004,2359700,154.995712
2016-07-28,177.649994,178.369995,177.029999,177.979996,1799500,154.743561
2016-07-29,178.110001,178.820007,177.619995,178.360001,1621900,155.073929
2016-08-01,177.080002,178.539993,177.080002,178.289993,1598400,155.013092
2016-08-02,178.580002,178.619995,177.240005,178.360001,2115100,155.073929
2016-08-03,178.720001,179.130005,177.970001,178.380005,1419300,155.091339
2016-08-04,178.960007,179.419998,177.639999,177.809998,1071800,154.595764
2016-08-05,178.25,179.009995,177.369995,178.570007,1799500,155.2565
2016-08-08,178.899994,179.020004,178.270004,178.580002,1327700,155.265244
2016-08-09,178.369995,178.899994,177.940002,178.389999,1098900,155.099991
2016-08-10,178.119995,178.850006,177.850006,178.820007,1226300,155.473907
2016-08-11,179.080002,181.100006,178.880005,181,2043400,157.369247
2016-08-12,181.470001,181.470001,179.899994,180.270004,1232900,156.734589
2016-08-15,181,181.389999,180.460007,180.559998,1268200,156.986694
2016-08-16,180.119995,180.330002,179.210007,179.25,1363600,155.847717
2016-08-17,178.669998,180.089996,178.320007,179.869995,1358500,157.361221
2016-08-18,179.699997,179.699997,178.580002,179.179993,1087900,156.757584
2016-08-19,178.660004,179.779999,178.080002,179.610001,1305300,157.133774
2016-08-22,179.179993,179.589996,178.369995,179.070007,1336400,156.661377
2016-08-23,179.610001,180.539993,179.279999,179.770004,1195800,157.273758
2016-08-24,179.410004,179.960007,179.009995,179.410004,1137100,156.958801
2016-08-25,179.089996,180.320007,179.050003,179.580002,840300,157.107544
2016-08-26,180.190002,181.25,178.919998,179.410004,1324700,156.958801
2016-08-29,179.860001,180.699997,179.279999,180.5,1051800,157.91243
2016-08-30,180.720001,181.020004,179.589996,180.149994,1039800,157.606201
2016-08-31,179.490005,179.770004,178.580002,179.240005,1636000,156.810089
2016-09-01,179.309998,180.169998,178.800003,179.979996,1095300,157.457458
2016-09-02,180.529999,181.490005,180.089996,180.809998,1319000,158.183624
2016-09-06,180.559998,181.279999,179.880005,180.460007,1328100,157.877441
2016-09-07,180.039993,180.539993,179.539993,179.75,1133200,157.256271
2016-09-08,179.190002,180.210007,178.940002,180.100006,1424000,157.562469
2016-09-09,178.889999,179,175.639999,175.639999,2083300,153.660583
2016-09-12,175,178.399994,174.690002,178.100006,1913300,155.812775
2016-09-13,176.830002,177.600006,175.949997,176.070007,1864600,154.036804
2016-09-14,175.960007,177.350006,175.199997,175.619995,1864800,153.643082
2016-09-15,175.529999,177,175.360001,176.589996,1663800,154.49173
2016-09-16,175.880005,175.949997,174.389999,175.059998,3358800,153.153152
2016-09-19,176.050003,177.949997,176.050003,176.720001,1754900,154.605438
2016-09-20,177.710007,178.5,177.330002,177.600006,1598600,155.375336
2016-09-21,177.880005,179.800003,177.5,179.589996,1760000,157.116272
2016-09-22,179.830002,181.660004,179.649994,179.850006,1849000,157.343765
2016-09-23,179.399994,179.699997,177.190002,177.389999,1911000,155.19162
2016-09-26,176.850006,176.910004,175.800003,175.949997,1821000,153.931793
2016-09-27,175.610001,177.029999,175.580002,176.300003,2433600,154.238007
2016-09-28,176.779999,177.979996,176.690002,177.589996,1694000,155.366577
2016-09-29,177.479996,177.630005,174.869995,175.369995,1853600,153.424347
2016-09-30,176.580002,177.149994,176.089996,176.229996,2419400,154.176788
2016-10-03,175.330002,175.949997,174.399994,175.039993,1785600,153.135681
2016-10-04,174.589996,174.970001,171.199997,171.679993,3166900,150.196136
2016-10-05,171.660004,172.559998,171.339996,172.389999,2305500,150.817307
2016-10-06,171.929993,172.320007,170.600006,171.639999,2273400,150.161148
2016-10-07,171.899994,171.940002,170.039993,171.330002,2249100,149.889923
2016-10-10,171.839996,172.75,170.940002,171.139999,1936600,149.723694
2016-10-11,170.240005,170.470001,168.690002,169.679993,1998700,148.446411
2016-10-12,169.600006,170.179993,168.889999,169.720001,1554100,148.481384
2016-10-13,168.869995,170.309998,168.460007,170.020004,1919700,148.743881
2016-10-14,170.990005,171.389999,170.300003,170.330002,1512400,149.01506
2016-10-17,170.539993,171.089996,169.940002,170.210007,1229200,148.91011
2016-10-18,171.679993,171.910004,169.839996,169.949997,1185600,148.682602
2016-10-19,170.800003,170.940002,169.660004,169.910004,1164200,148.647659
2016-10-20,169.570007,170.339996,168.990005,169.860001,1210500,148.603867
2016-10-21,168.110001,169.559998,167.720001,169.5,2013200,148.288971
2016-10-24,172.649994,173.440002,170.899994,171.270004,2668500,149.837433
2016-10-25,169.470001,169.889999,165.110001,166.229996,3826200,145.428116
2016-10-26,165.690002,167.789993,165.410004,166.509995,2174900,145.673096
2016-10-27,166.869995,166.949997,165.279999,165.759995,1486400,145.016968
2016-10-28,166.550003,167.179993,165.139999,165.770004,1934300,145.025757
2016-10-31,166.460007,166.539993,165.179993,165.300003,2289100,144.614532
2016-11-01,165.399994,165.809998,163.850006,164.25,2455600,143.695923
2016-11-02,164.699997,166.369995,163.910004,165.729996,2233400,144.990707
2016-11-03,166.139999,167.639999,165.259995,166.830002,2505000,145.953033
2016-11-04,167.210007,167.850006,166.419998,166.479996,1927500,145.646851
2016-11-07,168.149994,169.889999,167.979996,169.740005,1930900,148.498932
2016-11-08,169.899994,172.050003,169.779999,171.029999,1955700,149.627457
2016-11-09,165.839996,171,165.839996,170.389999,3659300,149.067581
2016-11-10,170.160004,174.669998,169.789993,174.279999,3280000,152.470764
2016-11-11,174.050003,175.130005,173.729996,175.080002,1868200,153.170654
2016-11-14,175.229996,175.509995,171.899994,172.910004,2607000,151.272232
2016-11-15,173.160004,174.25,171.910004,174.240005,2177100,152.435776
2016-11-16,173.130005,173.229996,171.570007,172.009995,2022600,151.449646
2016-11-17,172.009995,173.25,172.009995,172.770004,1783700,152.11882
2016-11-18,172.509995,173.279999,172.289993,172.960007,1711100,152.286118
2016-11-21,171.419998,171.979996,170.720001,171.520004,1993900,151.018219
2016-11-22,171.669998,172.080002,171.279999,171.910004,1553300,151.361649
2016-11-23,172.080002,172.75,171.759995,172.25,1477900,151.66098
2016-11-25,172.210007,173.990005,172.210007,173.490005,945800,152.752731
2016-11-28,173.559998,173.770004,172.279999,172.5,1677700,151.881088
2016-11-29,172.539993,173.289993,172.149994,172.770004,1483200,152.11882
2016-11-30,172.199997,173.190002,171.589996,171.740005,2595800,151.211975
2016-12-01,171.639999,172.740005,171.449997,172.630005,1756900,151.99556
2016-12-02,172.529999,173.690002,172.240005,172.429993,1871500,151.819458
2016-12-05,172.630005,172.949997,171.089996,171.619995,2181300,151.106293
2016-12-06,171.820007,172.029999,171.229996,171.800003,1467500,151.264755
2016-12-07,172.380005,176.059998,171.970001,176.050003,3164300,155.006775
2016-12-08,176.080002,176.350006,174.770004,175.880005,1790700,154.857071
2016-12-09,175.360001,178.869995,175.300003,178.490005,2650400,157.155136
2016-12-12,178.25,179.809998,177.570007,179.639999,2296100,158.167648
2016-12-13,179.570007,180.059998,176.770004,178.830002,2708600,157.454468
2016-12-14,179.160004,179.389999,176.410004,176.600006,2234200,155.491028
2016-12-15,177.259995,177.580002,175.050003,176.020004,2055600,154.980331
2016-12-16,176.559998,178.5,176.550003,177.449997,3889700,156.23941
2016-12-19,177.610001,178.669998,177.320007,178.160004,1382000,156.864578
2016-12-20,178.339996,179.330002,178.059998,178.649994,1378200,157.295975
2016-12-21,178.600006,179.529999,178.419998,178.429993,1555900,157.10228
2016-12-22,178.889999,179.460007,177.979996,179.199997,1225600,157.780243
2016-12-23,179.089996,179.289993,178.529999,178.75,731100,157.384033
2016-12-27,178.660004,179.199997,178.570007,178.919998,651000,157.533691
2016-12-28,178.880005,179.449997,178.020004,178.080002,1287900,156.794113
2016-12-29,178.289993,179.139999,178.029999,178.410004,1102000,157.084702
2016-12-30,179,179.479996,178.289993,178.570007,1594200,157.22554
2017-01-03,178.830002,180,177.220001,178.050003,2509300,156.767715
2017-01-04,178.029999,178.899994,177.610001,178.320007,1542000,157.005417
2017-01-05,178.259995,179.139999,176.889999,177.710007,1447800,156.468323
2017-01-06,177.289993,178.600006,175.800003,178.229996,1625000,156.926178
2017-01-09,178.369995,178.380005,177.199997,177.270004,1622600,156.080948
2017-01-10,177.360001,177.490005,176.309998,176.580002,2030100,155.473434
2017-01-11,176.630005,178.449997,176.389999,177.889999,1579600,156.626785
2017-01-12,176.970001,177.699997,175.75,177.440002,1321800,156.230621
2017-01-13,177.580002,177.910004,176.830002,177.389999,1265500,156.1866
2017-01-17,177,177.679993,176.25,177.259995,1557500,156.072159
2017-01-18,177.899994,179.440002,177.380005,178.490005,1804600,157.155136
2017-01-19,179.25,179.800003,177.759995,178.679993,1464400,157.322403
2017-01-20,179.199997,179.460007,177.830002,178.490005,1761900,157.155136
2017-01-23,177.910004,178.990005,177.130005,178.509995,1986800,157.172714
2017-01-24,177.5,177.759995,174.419998,175.970001,3473200,154.93634
2017-01-25,177.089996,178.630005,176.570007,176.729996,3462600,155.605499
2017-01-26,176.309998,177.229996,176.039993,176.820007,2235900,155.684723
2017-01-27,177.479996,177.979996,176.830002,177.479996,1623700,156.265823
2017-01-30,177.25,177.729996,174.869995,175.419998,1823100,154.452057
2017-01-31,174.740005,175.460007,173.809998,174.820007,1845500,153.923782
2017-02-01,175.169998,175.800003,174.300003,175.169998,2272900,154.231918
2017-02-02,174.130005,174.779999,173.550003,174.179993,3106800,153.360291
2017-02-03,174.020004,175.300003,173.850006,175.039993,2820500,154.117462
2017-02-06,174.119995,176.199997,173.899994,175.100006,1622800,154.170303
2017-02-07,176.080002,176.399994,175.149994,175.759995,1247400,154.751419
2017-02-08,175.619995,177.600006,175.490005,177.070007,2145700,155.904831
2017-02-09,176.869995,178.550003,176.869995,178.179993,2009700,156.882156
2017-02-10,178.300003,179.580002,178.190002,179,1392400,157.604141
2017-02-13,179.860001,181.380005,179.259995,181.020004,1929800,159.382706
2017-02-14,180.860001,182,180.649994,181.600006,2035900,159.893387
2017-02-15,180.300003,181.830002,180.149994,181.699997,1762900,161.023285
2017-02-16,181.75,183.460007,181.619995,183.410004,2164000,162.538666
2017-02-17,183.429993,183.600006,182.529999,182.949997,1961500,162.130997
2017-02-21,182.789993,183.619995,182.039993,183.369995,1736300,162.50322
2017-02-22,183.399994,186.119995,183.080002,186.039993,2850900,164.869385
2017-02-23,185.910004,187.460007,185.710007,187.190002,2401600,165.888519
2017-02-24,186.820007,188.410004,186.300003,187.410004,2126300,166.083481
2017-02-27,187.5,187.550003,186.380005,186.910004,1393800,165.640396
2017-02-28,186.729996,187.5,186.309998,186.350006,1932100,165.144135
2017-03-01,188.080002,190.539993,188.009995,189.860001,2226200,168.2547
2017-03-02,189.460007,190.100006,189.029999,189.889999,1764000,168.281281
2017-03-03,189.889999,190.240005,188.539993,189.309998,1627400,167.767303
2017-03-06,188.929993,189.240005,188.270004,188.899994,1668700,167.403976
2017-03-07,188.289993,189.259995,188.25,189.089996,1662300,167.572327
2017-03-08,189.720001,190.210007,188.970001,189.509995,1563700,167.944534
2017-03-09,189.25,190.389999,189.169998,189.899994,1556700,168.290146
2017-03-10,190.639999,191.240005,190.029999,191.210007,2515000,169.451096
2017-03-13,191.770004,191.960007,190.460007,191.520004,1972700,169.725815
2017-03-14,190.929993,191.440002,189.110001,190.330002,1893600,168.671204
2017-03-15,190.179993,191.860001,189.720001,191.199997,2047000,169.44223
2017-03-16,191.059998,191.639999,189.639999,190.309998,1937100,168.653503
2017-03-17,190.820007,192.360001,190.350006,192.360001,4228100,170.47023
2017-03-20,192.520004,193.5,192.279999,193.009995,2085600,171.046249
2017-03-21,193.490005,193.490005,191.509995,192.130005,1895100,170.266388
2017-03-22,192.300003,192.880005,190.460007,192.220001,1627300,170.34613
2017-03-23,192.119995,192.970001,191.229996,192.139999,1482000,170.275269
2017-03-24,192.119995,192.619995,190.899994,191.509995,1435400,169.716873
2017-03-27,190.699997,191,189.160004,190.429993,1984600,168.759842
2017-03-28,189.940002,191.490005,189.600006,190.990005,2330200,169.256104
2017-03-29,190.589996,191.279999,190.259995,190.679993,1692200,168.981369
2017-03-30,190.740005,191.490005,190.100006,191.279999,1835400,169.513123
2017-03-31,191.300003,192.399994,190.990005,191.330002,1730000,169.557419
2017-04-03,191.869995,192.169998,189.949997,190.720001,1546700,169.016846
2017-04-04,190.570007,190.979996,189.779999,190.190002,1349900,168.547165
2017-04-05,190.699997,192.419998,190.039993,190.240005,1448700,168.591431
2017-04-06,190.410004,191.020004,189.5,189.889999,1627400,168.281281
2017-04-07,190.029999,190.559998,189.520004,189.990005,1025200,168.369919
2017-04-10,190.160004,190.520004,189.309998,189.710007,1682700,168.12178
2017-04-11,189.130005,190.089996,188.990005,190.070007,1459600,168.440796
2017-04-12,190.309998,190.490005,189.399994,189.699997,1416100,168.1129
2017-04-13,189.25,189.860001,188.619995,188.649994,1274400,167.182404
2017-04-17,189.309998,190.360001,189.289993,190.360001,1543600,168.6978
2017-04-18,189.759995,190.839996,189.509995,190.220001,1176900,168.57373
2017-04-19,190.800003,191.130005,189.520004,189.830002,1340400,168.228073
2017-04-20,190.020004,192.110001,189.899994,191.160004,1748200,169.406784
2017-04-21,191.149994,191.619995,190.589996,191.5,2584200,169.708069
2017-04-24,193,194.449997,192.929993,194.229996,2709600,172.127426
2017-04-25,193.990005,195.610001,192.360001,195.130005,4182200,172.925018
2017-04-26,195.699997,196.899994,194.990005,195,2641200,172.809769
2017-04-27,195.429993,196.539993,195.110001,196.110001,1770200,173.793472
2017-04-28,196.149994,197.119995,195.539993,195.830002,2467100,173.545334
2017-05-01,195.5,195.729996,194.470001,194.809998,1498500,172.641403
2017-05-02,195.160004,196.529999,194.580002,196.529999,2467200,174.16568
2017-05-03,196.600006,197.869995,195.710007,197.630005,2339500,175.140488
2017-05-04,198.300003,199.539993,197.759995,199.509995,2320800,176.80658
2017-05-05,199.669998,199.899994,198.979996,199.399994,1688600,176.709106
2017-05-08,198.839996,199.149994,198.300003,198.649994,1575900,176.044418
2017-05-09,199.360001,199.360001,197.529999,197.960007,1747800,175.432953
2017-05-10,197.369995,197.589996,196.529999,196.639999,2247700,174.263138
2017-05-11,196.039993,196.940002,195.259995,196.75,1705000,174.360672
2017-05-12,195.899994,197.119995,195.860001,196.570007,1323100,174.201141
2017-05-15,196.669998,197.740005,196.229996,197.630005,1474500,175.140488
2017-05-16,197.479996,197.940002,196.860001,197.910004,1183600,175.388641
2017-05-17,196.740005,196.740005,194.720001,194.839996,1881800,173.699249
2017-05-18,194.5,195.820007,193.539993,195.240005,1929000,174.055878
2017-05-19,196.300003,196.300003,194.449997,195.800003,1894700,174.555069
2017-05-22,196.350006,198.669998,196.350006,198.509995,1835900,176.971069
2017-05-23,198.729996,198.970001,197.520004,197.729996,1514200,176.275681
2017-05-24,198.490005,198.529999,197.279999,197.490005,1206400,176.061722
2017-05-25,198.410004,199.610001,197.75,199.539993,1508000,177.889297
2017-05-26,199.139999,200.690002,198.970001,200.669998,1410600,178.896683
2017-05-30,200.309998,203.029999,199.960007,202.440002,2171100,180.47464
2017-05-31,202.729996,204.470001,202.270004,204.470001,3096800,182.284348
2017-06-01,204.25,204.899994,203.679993,204.350006,2352700,182.177414
2017-06-02,205.059998,207.389999,204.789993,206.699997,1831900,184.2724
2017-06-05,206.770004,207.330002,206.220001,206.220001,1253100,183.844528
2017-06-06,206.009995,206.660004,205.410004,205.410004,1458800,183.122391
2017-06-07,205.729996,205.869995,204.100006,205.009995,1885600,182.765778
2017-06-08,205.009995,206.029999,204.089996,205.940002,2451300,183.594864
2017-06-09,206,206.970001,205.639999,206.929993,1893100,184.477448
2017-06-12,206.929993,208.419998,205.5,207.389999,2388200,184.887558
2017-06-13,207.580002,209.669998,207.559998,209.110001,1688800,186.420914
2017-06-14,209.779999,210.789993,209.529999,210.009995,1585300,187.223251
2017-06-15,209.5,211.320007,209.440002,211.289993,1594100,188.36438
2017-06-16,211.729996,213.460007,211.440002,213.240005,3420600,190.102798
2017-06-19,214,214,212.699997,213.360001,1667600,190.209747
2017-06-20,213.449997,214.570007,213.050003,213.360001,1531200,190.209747
2017-06-21,214.020004,214.020004,212.089996,212.860001,1812900,189.763992
2017-06-22,212.729996,213.119995,212.089996,212.220001,1400400,189.193481
2017-06-23,212,213.169998,211.710007,212.899994,1584900,189.799713
2017-06-26,212.789993,213.470001,212.309998,212.610001,1352100,189.541168
2017-06-27,212,212.5,209.380005,209.779999,2240200,187.018234
2017-06-28,210.779999,211.179993,210.089996,210.619995,1542900,187.767059
2017-06-29,211.050003,211.050003,207.080002,207.850006,1809900,185.297638
2017-06-30,209.910004,209.910004,207.850006,208.190002,1770000,185.600754
2017-07-03,209.139999,210.339996,208.75,209.830002,1040200,187.06279
2017-07-05,210,210.240005,209.410004,209.759995,1065300,187.000381
2017-07-06,209.050003,209.720001,207.889999,208.020004,1189900,185.449158
2017-07-07,208.5,210.149994,208.050003,209.589996,1531000,186.848831
2017-07-10,209.600006,211.740005,208.990005,210.490005,1308400,187.651199
2017-07-11,210.410004,211.199997,208,209.660004,1268100,186.91127
2017-07-12,210.910004,212.779999,210.270004,211.300003,1447900,188.373306
2017-07-13,211.199997,212,210.179993,211.089996,1138800,188.186081
2017-07-14,211.520004,212.240005,210.630005,211.770004,1062000,188.792328
2017-07-17,212.199997,212.199997,210.589996,211.679993,1311300,188.712051
2017-07-18,210.679993,211.520004,210.300003,211.309998,1562600,188.382233
2017-07-19,211.509995,212.110001,211.169998,212.100006,825300,189.086502
2017-07-20,212.210007,213.410004,212.059998,212.449997,1347400,189.398529
2017-07-21,211.649994,211.839996,209.479996,211.160004,2246200,188.248474
2017-07-24,211.199997,211.660004,210,210,2165200,187.214355
2017-07-25,202.649994,204.5,197.169998,199.389999,6593000,177.755569
2017-07-26,200.449997,201.149994,198.550003,199.029999,2922100,177.434647
2017-07-27,199.139999,200.559998,197.669998,200.050003,2174500,178.343979
2017-07-28,200.789993,201.039993,198.690002,199.720001,1488000,178.049774
2017-07-31,200,201.660004,199.809998,201.169998,1833600,179.342422
2017-08-01,202.289993,203.309998,201.759995,203.179993,2015100,181.134308
2017-08-02,203.190002,205.600006,202.820007,205.410004,2029600,183.122391
2017-08-03,205.910004,207.639999,205.119995,207.619995,2054200,185.092575
2017-08-04,207.949997,208.610001,206.110001,207.649994,1522700,185.119339
2017-08-07,207.899994,208.399994,206.679993,207.440002,1172600,184.932114
2017-08-08,206.830002,207.889999,205.690002,206.429993,1856300,184.031708
2017-08-09,206.690002,207.910004,205.589996,206.479996,1622200,184.076263
2017-08-10,205.619995,207.160004,205.179993,206.229996,1571500,183.853409
2017-08-11,206.850006,206.850006,205.630005,205.979996,1452800,183.630524
2017-08-14,206.660004,207.630005,206.070007,207.369995,1264400,184.869705
2017-08-15,207,207.839996,206.509995,207.179993,1048500,184.700333
2017-08-16,207.210007,208.630005,206.619995,207.919998,1704300,185.360046
2017-08-17,207.789993,208.119995,205.279999,205.350006,1396500,183.068909
2017-08-18,205.350006,205.630005,203.449997,203.529999,1838600,181.44635
2017-08-21,203.800003,204.899994,203.009995,204.550003,1567600,182.355698
2017-08-22,205.199997,205.860001,204.630005,205.460007,2091200,183.166962
2017-08-23,204.050003,204.100006,202.320007,202.669998,1267300,181.718887
2017-08-24,203.889999,203.889999,201.960007,202.119995,1230800,181.225784
2017-08-25,203.440002,203.449997,202.050003,202.130005,1238100,181.234756
2017-08-28,202.779999,203.270004,201.850006,202.460007,1174700,181.53064
2017-08-29,202.199997,203.080002,201.330002,202.919998,991300,181.943069
2017-08-30,202.919998,203.690002,202,203.690002,1196200,182.633484
2017-08-31,204.320007,204.619995,203.020004,204.320007,1567900,183.198334
2017-09-01,204.610001,204.910004,203.229996,203.559998,1413000,182.516907
2017-09-05,202.25,202.529999,200.509995,200.979996,1934500,180.203613
2017-09-06,201.75,202.25,201.240005,202.050003,2236200,181.16301
2017-09-07,201.470001,204.710007,201.470001,204.460007,1701500,183.323883
2017-09-08,204.350006,206.119995,203.160004,205.690002,1474000,184.426697
2017-09-11,206.460007,209.779999,206.089996,209.559998,1806700,187.896652
2017-09-12,209.910004,210.960007,209.259995,209.639999,1441200,187.968369
2017-09-13,209.119995,210.289993,208.570007,209.490005,1129600,187.833908
2017-09-14,209.149994,211.910004,208.740005,211.429993,1984200,189.573334
2017-09-15,212.589996,214.119995,210.660004,213.350006,3636400,191.294861
2017-09-18,214,214.039993,212.570007,213.759995,1272400,191.662476
2017-09-19,214.229996,214.649994,212.850006,213.559998,1429700,191.483154
2017-09-20,211.770004,212.600006,208.309998,210.509995,2987200,188.748444
2017-09-21,210.899994,211.619995,210.240005,210.440002,1382400,188.685684
2017-09-22,209.639999,211.300003,209.279999,210.759995,1493300,188.972626
2017-09-25,210.979996,211.220001,209.369995,210.729996,1609200,188.945724
2017-09-26,211.259995,212.830002,210.929993,211.029999,1224600,189.214706
2017-09-27,211.089996,211.380005,208.160004,209.479996,1865100,187.824951
2017-09-28,208.300003,209.880005,208.25,209.550003,2092800,187.88768
2017-09-29,209.059998,209.899994,208.729996,209.899994,1632200,188.201523
2017-10-02,210.729996,212.789993,210.029999,212.759995,1292100,190.765854
2017-10-03,212.619995,214.600006,211.380005,214.570007,1634900,192.388718
2017-10-04,214.850006,216.940002,214.5,216.520004,1636400,194.137161
2017-10-05,216.490005,217.610001,215.899994,216.369995,1740500,194.002686
2017-10-06,216,216.539993,215.270004,216.520004,1650800,194.137161
2017-10-09,215.960007,217.210007,215.690002,216.679993,1054600,194.280609
2017-10-10,217.380005,217.600006,216.550003,216.75,1170900,194.343384
2017-10-11,216.75,216.860001,214.660004,216.509995,2052900,194.128189
2017-10-12,216.600006,217.639999,216.289993,217.589996,1908000,195.096527
2017-10-13,218.830002,219.759995,216.800003,217.720001,1461600,195.21312
2017-10-16,217.699997,218.729996,217.199997,218.720001,1185200,196.109741
2017-10-17,218.490005,218.720001,216.470001,217.75,2150800,195.240021
2017-10-18,217.520004,218.639999,217.369995,218.270004,1413600,195.706253
2017-10-19,218.490005,219.25,217.470001,219.240005,1369000,196.575958
2017-10-20,219.949997,221.320007,219.190002,221.320007,1647800,198.440948
2017-10-23,221.759995,222.779999,221.199997,221.550003,2161300,198.647186
2017-10-24,229,238.899994,228.990005,234.649994,6508400,210.392929
2017-10-25,235.009995,237.940002,233.940002,237.679993,4114500,213.109741
2017-10-26,238.259995,238.800003,232.309998,232.940002,3385000,208.859741
2017-10-27,234.229996,234.949997,232.550003,234.740005,2000400,210.473679
2017-10-30,233.660004,233.660004,230.639999,231.020004,2722600,207.138214
2017-10-31,231.380005,231.600006,229.809998,230.190002,1908200,206.394028
2017-11-01,231,231.759995,229.110001,230.179993,1389900,206.385071
2017-11-02,230.240005,232.800003,229.550003,232.229996,1609500,208.22316
2017-11-03,231.559998,232.580002,230.919998,232.220001,1582700,208.214188
2017-11-06,232.220001,232.630005,230.149994,230.309998,1334700,206.501633
2017-11-07,230.380005,230.770004,229.139999,230.050003,1553600,206.268494
2017-11-08,229.839996,230.649994,229.380005,229.830002,1510200,206.071259
2017-11-09,228.539993,229.399994,227.050003,228.389999,1575800,204.780121
2017-11-10,227.470001,228.440002,226.160004,227.449997,1295800,203.937302
2017-11-13,226.729996,228.429993,226.259995,228.220001,1765300,204.62767
2017-11-14,228.139999,229.960007,226.75,229.330002,1393200,205.622925
2017-11-15,228.070007,228.509995,226.039993,227.399994,1512100,203.89241
2017-11-16,227.789993,229.990005,227.789993,229.419998,1224800,205.703629
2017-11-17,228.429993,229.919998,227.740005,229.360001,1741800,205.649826
2017-11-20,229.899994,233.589996,229.550003,231.490005,1700000,207.559647
2017-11-21,232.210007,235.710007,232.210007,234.089996,2122600,209.890839
2017-11-22,233.059998,233.860001,231.399994,231.580002,1371800,208.687851
2017-11-24,232.029999,232.039993,230.809998,231.380005,659100,208.507584
2017-11-27,231.75,234.529999,231.130005,234,1780800,210.868591
2017-11-28,234.119995,235.940002,233.380005,235.630005,1871700,212.337463
2017-11-29,236.050003,238.190002,235.639999,238.009995,1754600,214.482193
2017-11-30,238.860001,243.449997,237.690002,243.139999,4003400,219.105072
2017-12-01,243.190002,243.630005,239.149994,241.149994,2232300,217.311813
2017-12-04,243.050003,244.229996,238.509995,239.259995,2468700,215.608627
2017-12-05,240.220001,240.259995,237.860001,238.259995,1543100,214.707474
2017-12-06,240.330002,241.080002,236.970001,238.669998,1924100,215.076981
2017-12-07,238.449997,241.289993,237.929993,240.300003,1367100,216.545837
2017-12-08,240,241.009995,237.490005,238.130005,1999800,214.590332
2017-12-11,239.190002,240.210007,237.860001,239.300003,1742900,215.644684
2017-12-12,236.580002,241.679993,236.119995,236.580002,2766300,213.193542
2017-12-13,236.910004,239.589996,236.630005,239.110001,2707900,215.47345
2017-12-14,240.320007,240.800003,237.809998,238.080002,1984700,214.545258
2017-12-15,239.190002,239.679993,237.649994,238,4518700,214.47319
2017-12-18,238.580002,240.009995,237.149994,238.419998,2237300,214.851685
2017-12-19,239.470001,239.740005,236.899994,238.389999,1868900,214.824631
2017-12-20,238.199997,238.470001,236.490005,236.919998,1621600,213.499969
2017-12-21,236,237.25,234.410004,234.779999,2241600,211.571487
2017-12-22,235.360001,236.080002,234.279999,234.729996,1280600,211.526428
2017-12-26,235.080002,236.279999,235.029999,235.449997,789100,212.175247
2017-12-27,235.520004,236.539993,234.839996,236.199997,970500,212.85112
2017-12-28,236.940002,237.080002,235.279999,235.720001,1189700,212.418564
2017-12-29,236.479996,237.309998,235.369995,235.369995,1343900,212.103149
2018-01-02,235.779999,237.070007,232.809998,235.639999,2931000,212.346481
2018-01-03,235.070007,235.729996,233.289993,235.630005,2193700,212.337463
2018-01-04,237,239.440002,236.470001,238.710007,2243100,215.113022
2018-01-05,238.649994,240.899994,237.740005,240.570007,1835900,216.789154
2018-01-08,239.380005,240.940002,239.179993,239.789993,1869000,216.086212
2018-01-09,239.600006,241.779999,239.339996,241.279999,1695100,217.428955
2018-01-10,241,242.570007,240.029999,241.139999,1640900,217.302811
2018-01-11,240.740005,242.339996,239.75,242.309998,1487700,218.357147
2018-01-12,243.070007,246,242.5,244.470001,1974300,220.303619
2018-01-16,245.300003,247.190002,243.830002,244.740005,2411100,220.546951
2018-01-17,246.850006,248.529999,245.800003,248.110001,2519000,223.583832
2018-01-18,248.130005,249,244.919998,245.910004,2233500,221.601288
2018-01-19,246.630005,248.5,245.600006,248.179993,2013500,223.646866
2018-01-22,247.130005,247.889999,245.080002,247.300003,1660500,222.853882
2018-01-23,246.910004,247.259995,245.119995,246.309998,1822700,221.961716
2018-01-24,247.990005,248.539993,246.25,247.690002,3471000,223.205307
2018-01-25,250,254.800003,247.100006,252.360001,3507900,227.413666
2018-01-26,253.429993,259.769989,253.389999,258.630005,3730600,233.063889
2018-01-29,258.51001,259.339996,255.970001,256.01001,2306300,230.70285
2018-01-30,255.600006,255.690002,251.410004,251.539993,2412600,226.674728
2018-01-31,251.490005,253.130005,249.600006,250.5,3136400,225.737564
2018-02-01,247.440002,250.089996,246.179993,247.940002,2665500,223.430588
2018-02-02,246.429993,248.75,244.880005,245.169998,3925700,220.934433
2018-02-05,243.5,244.399994,226.009995,231.440002,6590500,208.561661
2018-02-06,227.509995,234.570007,226.809998,233.630005,5108100,210.535172
2018-02-07,233.190002,237.520004,232.820007,233.190002,2885600,210.138657
2018-02-08,233.160004,233.309998,222.649994,222.889999,3751300,200.856827
2018-02-09,224.610001,226.960007,218.179993,225.210007,4518600,202.94751
2018-02-12,227.490005,230.380005,226.100006,229.190002,3290400,206.534073
2018-02-13,229.710007,231.970001,228.929993,231.360001,2523600,208.489563
2018-02-14,229.449997,232.869995,228.470001,232,2337800,209.066284
2018-02-15,233.309998,234.899994,230.880005,234.869995,2127500,212.90062
2018-02-16,234.970001,238.440002,233.389999,236.669998,2221800,214.532272
2018-02-20,234.539993,236.669998,233.910004,235.070007,2675900,213.08194
2018-02-21,234.710007,237.860001,232.100006,232.179993,2561400,210.462234
2018-02-22,232.429993,237.369995,232.259995,236,2284500,213.924957
2018-02-23,236.850006,237.889999,234.389999,237.020004,1616700,214.849518
2018-02-26,239.009995,244.860001,238.509995,244.139999,3086800,221.303528
2018-02-27,244.610001,244.669998,240.720001,240.779999,1778300,218.257813
2018-02-28,241.639999,242.279999,235.399994,235.509995,2461400,213.480743
2018-03-01,236.149994,236.830002,229.529999,231.339996,3487100,209.70079
2018-03-02,229.75,231.270004,226.330002,230.369995,2912800,208.821564
2018-03-05,230,233.710007,228.529999,232.809998,2235300,211.03331
2018-03-06,234.050003,235.919998,230.800003,233.660004,2091100,211.803802
2018-03-07,231.220001,236.220001,230.589996,235.570007,2213800,213.535156
2018-03-08,236.350006,237.690002,234.119995,236.339996,1955200,214.233139
2018-03-09,238,241.369995,236.169998,241.350006,1840900,218.774521
2018-03-12,242.100006,243.100006,239.300003,239.800003,2151300,217.369492
2018-03-13,240.899994,242.970001,236.889999,237.570007,2009900,215.348083
2018-03-14,238.800003,239.320007,233.850006,234.289993,2239700,212.374863
2018-03-15,235.220001,238.080002,234.199997,235.869995,1770500,213.807083
2018-03-16,235.669998,238.169998,235.669998,237.220001,4858000,215.030823
2018-03-19,236.009995,236.330002,230.259995,231.559998,2621700,209.900223
2018-03-20,232.119995,234.389999,231.580002,232.449997,1728000,210.707016
2018-03-21,233,237.220001,232.309998,234.139999,1588300,212.238922
2018-03-22,232.039993,232.119995,222.800003,223.169998,4295500,202.295029
2018-03-23,223.5,224.270004,215.270004,215.360001,4221200,195.215591
2018-03-26,217.860001,220.800003,215.179993,220.240005,3574000,199.639099
2018-03-27,221.020004,221.860001,214.729996,215.869995,2696700,195.677872
2018-03-28,217.229996,219.660004,214.910004,216.539993,2522900,196.285187
2018-03-29,217.789993,221.380005,217.460007,219.520004,2643000,198.986481
2018-04-02,218.050003,218.720001,209.470001,212.619995,3840800,192.731827
2018-04-03,213,216.460007,210.929993,216.330002,3006800,196.094818
2018-04-04,212.389999,217.919998,211.119995,217.559998,2488800,197.209778
2018-04-05,218.639999,220.309998,216.559998,218.669998,2879900,198.215973
2018-04-06,217.399994,218.850006,211,212.25,2503900,192.396484
2018-04-09,213.75,216.860001,212.399994,212.809998,2186100,192.904099
2018-04-10,215.320007,218.710007,215.229996,216.979996,2857400,196.684036
2018-04-11,214.199997,215.889999,213.5,214.330002,1819800,194.281906
2018-04-12,215.720001,217.679993,215.009995,216.419998,2292900,196.176437
2018-04-13,218.089996,218.679993,214.460007,215.520004,2034500,195.360626
2018-04-16,217.199997,219.270004,216.589996,217.699997,2060500,197.33667
2018-04-17,219.149994,221.690002,218.740005,220.089996,1853500,199.503128
2018-04-18,220.389999,221.009995,219.160004,219.520004,1599300,198.986481
2018-04-19,218.039993,219.300003,217.029999,218.850006,1453100,198.37912
2018-04-20,218.410004,220.279999,216.740005,217.75,2634300,197.382004
2018-04-23,218.020004,218.729996,214.75,215.880005,2520700,195.68692
2018-04-24,206.5,206.5,196.889999,201.130005,11671400,182.316635
2018-04-25,201.100006,201.75,197.009995,198.839996,6205400,180.240829
2018-04-26,198.679993,199.630005,196.169998,197.089996,4124300,178.65448
2018-04-27,196.770004,197.110001,194.399994,196.119995,3354800,177.775238
2018-04-30,196.960007,198.339996,194.179993,194.389999,4008700,176.207092
2018-05-01,194.029999,195.539993,191.440002,195.020004,4710500,176.778152
2018-05-02,195.149994,196.410004,194.020004,194.5,4017600,176.306808
2018-05-03,194.520004,196.699997,192.350006,195.679993,3425900,177.376389
2018-05-04,195.070007,199.929993,194.059998,199.360001,3071700,180.712173
2018-05-07,200.059998,201,199.580002,200.259995,2863400,181.527985
2018-05-08,200,202.110001,199.559998,201.740005,3273500,182.869583
2018-05-09,202.029999,204.729996,201.369995,203.419998,3361300,184.39241
2018-05-10,202.610001,205.679993,202.389999,205.029999,2700800,185.851807
2018-05-11,204.740005,205.369995,203.660004,205.160004,3155700,185.969666
2018-05-14,205.669998,206.039993,204.669998,205.759995,3385900,186.513519
2018-05-15,204.960007,205.570007,201.639999,202.410004,2259200,183.476883
2018-05-16,200.520004,201.039993,199.050003,200.210007,2913500,181.482697
2018-05-17,199.270004,201.399994,198.690002,200.360001,2265800,182.860809
2018-05-18,200.279999,200.759995,198.449997,198.960007,2925700,181.583084
2018-05-21,200.5,202.929993,200,201.759995,2126500,184.138519
2018-05-22,201.960007,202.110001,198.729996,198.970001,2313900,181.592178
2018-05-23,197.740005,198.800003,196.559998,198.669998,2737700,181.318405
2018-05-24,198.830002,200.179993,196.929993,199.410004,2055000,181.99379
2018-05-25,198.330002,199.410004,197.929993,199.029999,1686500,181.646973
2018-05-29,198,198.509995,195.100006,195.740005,2346800,178.644318
2018-05-30,197.089996,199.380005,196.699997,198.679993,2143100,181.327515
2018-05-31,198.110001,198.449997,196.259995,197.229996,5253100,180.004166
2018-06-01,198.75,200.419998,198.279999,199.589996,1827000,182.158051
2018-06-04,200.729996,201.690002,200.070007,201.059998,2408400,183.499634
2018-06-05,201.080002,202.100006,200.889999,201.199997,2246100,183.627426
2018-06-06,201.839996,204.050003,201.550003,203.860001,2297300,186.055099
2018-06-07,204.179993,205.889999,203.759995,205.070007,2279200,187.159409
2018-06-08,204.979996,206.75,204.410004,206.589996,2170200,188.546677
2018-06-11,206.589996,206.789993,205,205.119995,2302900,187.205048
2018-06-12,205.669998,205.949997,203.949997,204.919998,1806100,187.022522
2018-06-13,205.139999,205.660004,203.729996,204.889999,2097900,186.995117
2018-06-14,205.759995,206.270004,203.5,203.630005,2221500,185.845184
2018-06-15,202.550003,205.059998,200.110001,204.970001,5449500,187.068146
2018-06-18,202.529999,204.570007,200.25,204.169998,2842800,186.338028
2018-06-19,201.259995,201.830002,198.330002,199.389999,3206800,181.97551
2018-06-20,199.339996,200,197.259995,198.080002,2348300,180.779922
2018-06-21,197.839996,197.839996,194.589996,195.520004,2420400,178.443512
2018-06-22,197.389999,197.440002,195.179993,196.5,2290100,179.337936
2018-06-25,195.979996,196.330002,193.639999,195.800003,2922500,178.699036
2018-06-26,196.839996,197.949997,195.979996,196.580002,2140200,179.410934
2018-06-27,196.570007,199.899994,194.759995,194.919998,2889700,177.895889
2018-06-28,195.5,196.850006,194.210007,195.970001,1978700,178.854187
2018-06-29,196.470001,199.419998,196.460007,196.720001,2671600,179.538696
2018-07-02,195.460007,195.889999,193.509995,195.520004,1815500,178.443512
2018-07-03,196.490005,198.949997,195.5,195.830002,1228900,178.726425
2018-07-05,197.070007,197.479996,195.029999,197.339996,2019300,180.104538
2018-07-06,197.089996,198.059998,196.389999,197.460007,1624500,180.214096
2018-07-09,198.139999,200.839996,198.070007,200.529999,1967100,183.015945
2018-07-10,201,202.580002,200.389999,201.479996,1688700,183.88295
2018-07-11,199.820007,199.820007,197.490005,197.679993,1853100,180.414841
2018-07-12,199.169998,200,197.399994,199.320007,1733500,181.911621
2018-07-13,200.270004,201.789993,200,201.179993,1625400,183.609161
2018-07-16,201.550003,201.580002,200.080002,201.110001,1468000,183.545273
2018-07-17,200.990005,203.070007,200.130005,202.070007,1920600,184.421432
2018-07-18,202.220001,203.169998,201.350006,202.199997,1945000,184.540085
2018-07-19,201.759995,202.289993,199.509995,201.600006,2616400,183.992523
2018-07-20,199.330002,202.949997,198.25,201.949997,2325400,184.311935
2018-07-23,201.539993,201.539993,197.679993,198.839996,3269100,181.473557
2018-07-24,192.940002,202.190002,190.570007,200.679993,8186500,183.152817
2018-07-25,200.630005,204.490005,200.520004,204.380005,3345200,186.529663
2018-07-26,204.889999,208.440002,204.649994,207.960007,2848300,189.796982
2018-07-27,208.679993,210.600006,206.850006,207.419998,2248000,189.304184
2018-07-30,208.25,209.25,204.759995,205.119995,2040500,187.205048
2018-07-31,207.229996,212.779999,206.5,212.320007,3573100,193.776245
2018-08-01,210.979996,211.059998,206.869995,207.050003,2066600,188.966492
2018-08-02,205.949997,205.990005,203.850006,205.529999,1699700,187.579254
2018-08-03,205.919998,207.580002,205.199997,207.289993,1299900,189.185532
2018-08-06,207.449997,207.460007,205.240005,206.699997,1063800,188.647079
2018-08-07,208.009995,209.610001,207.369995,208.570007,1314600,190.353729
2018-08-08,208.490005,209.039993,206.770004,207.139999,1052100,189.04863
2018-08-09,207.139999,207.970001,204.490005,204.779999,1812600,186.89473
2018-08-10,203.809998,204.130005,201,201.960007,1893200,184.32103
2018-08-13,202.020004,202.789993,199.5,199.839996,1587200,182.3862
2018-08-14,199.779999,201.080002,199.410004,200.520004,1719000,183.006805
2018-08-15,199.25,201.759995,197.110001,201.389999,2028900,183.800827
2018-08-16,202.020004,203.429993,201.820007,203.149994,1640200,185.407089
2018-08-17,203.279999,204.990005,201.889999,204.770004,1598900,186.88562
2018-08-20,205.720001,205.800003,203.660004,204.600006,2091700,186.730484
2018-08-21,205,206.039993,204.389999,205.690002,1709700,187.725266
2018-08-22,205.770004,205.770004,203.399994,204.259995,1461300,186.420166
2018-08-23,203,203.149994,201.460007,202.75,1367300,186.282364
2018-08-24,203.279999,205.490005,203.070007,205.289993,1676600,188.616013
2018-08-27,206.179993,208.5,205.850006,208.330002,1777200,191.409149
2018-08-28,208.970001,210.119995,208.479996,209.429993,2136700,192.419785
2018-08-29,209.169998,210.970001,208.509995,210.460007,2110300,193.36615
2018-08-30,209.710007,211.089996,209.229996,210.220001,2240800,193.145615
2018-08-31,209.570007,211.720001,209.440002,210.919998,1943500,193.788788
2018-09-04,210.550003,210.75,207.550003,208.600006,2108500,191.657211
2018-09-05,208.289993,211.910004,207.350006,211.830002,1951500,194.624847
2018-09-06,212,213.369995,211.070007,212.740005,2363500,195.460953
2018-09-07,212.240005,212.970001,209.970001,212.570007,2739200,195.304764
2018-09-10,213.679993,216.369995,212.860001,212.929993,2399700,195.635498
2018-09-11,211.360001,212.220001,210,211.779999,1967500,194.578934
2018-09-12,212.300003,214.759995,205.899994,206.710007,4937000,189.920715
2018-09-13,207.339996,209.139999,206.550003,209.050003,2171300,192.070648
2018-09-14,208.839996,210.300003,207.149994,207.880005,1721600,190.995682
2018-09-17,207.460007,210.190002,207.300003,209.529999,1610400,192.511658
2018-09-18,210.240005,211.830002,208.429993,211.529999,1652900,194.349243
2018-09-19,211.770004,214.139999,211.630005,213.119995,1884500,195.810074
2018-09-20,214.699997,217,213.259995,215.270004,2075100,197.785446
2018-09-21,217.320007,217.869995,215.610001,216.330002,5563700,198.759354
2018-09-24,215.389999,215.869995,212.690002,213.509995,2044800,196.168381
2018-09-25,214.130005,214.130005,210.279999,210.639999,2090600,193.531525
2018-09-26,211.490005,212.589996,210.639999,211.070007,1677700,193.926605
2018-09-27,212,212.869995,210,210.110001,1609800,193.044571
2018-09-28,209.529999,211.279999,208.869995,210.710007,2500200,193.59584
2018-10-01,212.399994,213.399994,211.309998,212.190002,1828800,194.955643
2018-10-02,212.380005,215.839996,212.100006,215.710007,1749400,198.189713
2018-10-03,216,217.339996,214.940002,215.759995,2139200,198.235657
2018-10-04,214.850006,215.660004,212.039993,213.839996,1682500,196.471588
2018-10-05,214.350006,215.029999,211.059998,213.190002,2140300,195.87439
2018-10-08,213.130005,214.580002,212.259995,214.369995,1666700,196.958572
2018-10-09,212.679993,213.110001,209.639999,210.419998,2947400,193.329361
2018-10-10,209.190002,209.190002,201.550003,202.149994,3525200,185.731079
2018-10-11,201.149994,202.910004,196.5,196.729996,3497200,180.751328
2018-10-12,200.869995,202.550003,195.929993,198.229996,2798100,182.129456
2018-10-15,197.820007,200.699997,197.419998,198.940002,1812800,182.781799
2018-10-16,200.460007,202.520004,199.229996,202.330002,1939500,185.896454
2018-10-17,201.789993,203.770004,200.449997,202.929993,1824200,186.447723
2018-10-18,202.339996,202.520004,198.399994,200.380005,2339400,184.104858
2018-10-19,200.119995,201.100006,198.369995,199.850006,3167300,183.617889
2018-10-22,201.25,203.399994,199.690002,201.360001,3263300,185.005234
2018-10-23,188.800003,194.889999,184.5,192.550003,8255600,176.910843
2018-10-24,192.100006,192.960007,183.970001,184.539993,5003500,169.551376
2018-10-25,186.570007,187.479996,182.360001,184.990005,3535200,169.964859
2018-10-26,183.309998,186.660004,181.979996,184.949997,3546200,169.928116
2018-10-29,187.850006,188.880005,183.160004,185.789993,2867600,170.699875
2018-10-30,186.830002,190.080002,185,189.809998,2919600,174.393341
2018-10-31,190.699997,192.119995,189.669998,190.259995,2845100,174.806808
2018-11-01,190.610001,193.210007,190.089996,192.220001,2242800,176.607605
2018-11-02,193.660004,194.470001,191.600006,192.809998,3069600,177.149689
2018-11-05,193.5,194.559998,192.210007,193.25,2886500,177.553955
2018-11-06,193.270004,195.5,193,195.300003,1900200,179.437454
2018-11-07,197.190002,201.399994,195.410004,201.289993,2444400,184.940964
2018-11-08,201,204.270004,200.729996,204.070007,2534000,187.495148
2018-11-09,204,204,199.699997,201.100006,2429300,184.766388
2018-11-12,200.570007,200.770004,196.5,197.039993,2770000,181.036087
2018-11-13,197.520004,200.880005,197.160004,198.369995,2168800,182.258102
2018-11-14,200.800003,201.039993,196.289993,198.059998,2797700,181.973251
2018-11-15,197.729996,205.130005,196.240005,204.910004,3157500,188.266937
2018-11-16,203.240005,209.770004,202.600006,209,2620400,192.024704
2018-11-19,207.830002,208.050003,204.369995,205.580002,3220400,188.882477
2018-11-20,203.580002,204.139999,200.190002,200.509995,2677200,184.224274
2018-11-21,199.679993,201.179993,198.660004,198.690002,1832700,183.798752
2018-11-23,197.759995,198.679993,196.789993,196.800003,999900,182.05043
2018-11-26,198.570007,201.830002,197.320007,199.860001,2321000,184.881073
2018-11-27,199.119995,201.320007,196.779999,200.690002,2079600,185.64888
2018-11-28,201.990005,204.350006,199.419998,204.339996,2184400,189.025299
2018-11-29,203.869995,205.839996,202.660004,204.559998,1569200,189.228836
2018-11-30,204.360001,207.919998,203.979996,207.919998,3171900,192.337006
2018-12-03,211.210007,211.949997,207.050003,208.759995,2493400,193.114044
2018-12-04,208.059998,208.550003,202.089996,202.199997,2698700,187.045685
2018-12-06,199.610001,203.080002,198.190002,202.679993,2991800,187.489716
2018-12-07,202.619995,204.369995,197.009995,198.240005,2254500,183.382492
2018-12-10,198.360001,198.949997,193.639999,198.320007,1980300,183.456497
2018-12-11,201.259995,202,196.139999,197.460007,1828900,182.660934
2018-12-12,200.600006,202.619995,199.699997,199.809998,1919000,184.834839
2018-12-13,201.429993,202.399994,199.520004,202.130005,1831700,186.980957
2018-12-14,200.119995,201.570007,195.850006,196.100006,2473200,181.402893
2018-12-17,195.839996,198.25,191.850006,192.820007,2547600,178.368729
2018-12-18,193.389999,196.919998,193.149994,194.559998,2636300,179.978271
2018-12-19,196,198.229996,189.699997,189.960007,3266500,175.723053
2018-12-20,189.110001,191.119995,185.5,187.380005,3609200,173.336426
2018-12-21,187.860001,190.5,183.639999,183.75,6699200,169.978485
2018-12-24,181.889999,183.539993,178.509995,178.619995,2249500,165.232971
2018-12-26,179.380005,186.330002,176.869995,186.259995,2925500,172.300369
2018-12-27,183.5,190.699997,182.880005,190.699997,2809000,176.407578
2018-12-28,191.809998,192.300003,188.570007,189.369995,2311400,175.177261
2018-12-31,190.339996,191.649994,188.5,190.539993,1804400,176.259567
2019-01-02,187.820007,190.990005,186.699997,190.949997,2475200,176.63884
2019-01-03,188.279999,188.279999,182.889999,183.759995,3358200,169.987732
2019-01-04,186.75,191.979996,186.029999,191.320007,2995100,176.98114
2019-01-07,191.360001,192.300003,188.660004,190.880005,2162200,176.574112
2019-01-08,193,194.110001,189.580002,191.679993,2479800,177.314148
2019-01-09,193.25,193.940002,191.380005,192.300003,2163600,177.88768
2019-01-10,190.869995,193.809998,189.399994,193.600006,1939300,179.090256
2019-01-11,191.839996,192.690002,190.860001,192.210007,2359900,177.804443
2019-01-14,190.639999,192.830002,189.800003,192.169998,1914400,177.767426
2019-01-15,188.839996,190.679993,187.860001,188.940002,2737300,174.77948
2019-01-16,188.509995,190.440002,188.419998,189.479996,2492100,175.279037
2019-01-17,188.559998,192.899994,187.899994,191.710007,1978900,177.341919
2019-01-18,194.339996,196.399994,192.360001,195.860001,2746600,181.180893
2019-01-22,194.220001,194.490005,190.429993,192.259995,2709600,177.850662
2019-01-23,192.630005,194,190.279999,192.289993,1652900,177.878418
2019-01-24,192.259995,193.169998,191.509995,192.520004,1582800,178.091202
2019-01-25,194.720001,197.160004,194.460007,195.899994,2320100,181.217865
2019-01-28,193.139999,193.449997,191.070007,193.199997,3156600,178.720215
2019-01-29,195.009995,199.889999,194.199997,196.949997,4311100,182.189163
2019-01-30,198.220001,200.110001,194.630005,199.270004,2168100,184.335312
2019-01-31,198.800003,200.889999,197.740005,200.300003,3338400,185.288116
2019-02-01,201.490005,201.770004,198.289993,199.160004,2239400,184.233551
2019-02-04,199.009995,200.259995,196.25,200.210007,1973600,185.204865
2019-02-05,200.720001,201.130005,199.729996,201.119995,2036900,186.046616
2019-02-06,201.220001,203.080002,200.25,202.570007,1672400,187.38797
2019-02-07,201.020004,202.399994,198.860001,199.839996,1949400,184.862579
2019-02-08,199.220001,199.850006,197.899994,199.820007,1451800,184.844086
2019-02-11,200.929993,201.199997,199.639999,200.910004,1513500,185.852371
2019-02-12,202.869995,206.789993,202.190002,206.570007,2623000,191.088211
2019-02-13,207.089996,210.399994,206.589996,209.720001,2967300,194.00209
2019-02-14,206.589996,207.119995,204.050003,204.929993,2229700,190.881744
2019-02-15,206.460007,208.970001,206,208.860001,2000400,194.542313
2019-02-19,207.910004,209.149994,207.389999,208.410004,1534400,194.123199
2019-02-20,208.929993,208.970001,207.320007,208.529999,1879100,194.23494
2019-02-21,208.160004,209.110001,207.25,207.770004,1737600,193.527069
2019-02-22,207.770004,209.660004,207.149994,209.350006,1534200,194.998734
2019-02-25,210.470001,211.350006,210.339996,210.580002,2183500,196.144424
2019-02-26,210.580002,211.589996,209.369995,209.380005,1671300,195.026703
2019-02-27,209.600006,209.690002,208.160004,209.029999,1540600,194.700684
2019-02-28,209.050003,209.050003,206.960007,207.389999,2121700,193.173096
2019-03-01,208.809998,209.759995,206.899994,207.490005,1754400,193.266251
2019-03-04,208.990005,209.979996,205.740005,206.860001,1989900,192.679443
2019-03-05,205.580002,207.25,203.839996,203.839996,2744500,189.86647
2019-03-06,204.729996,204.789993,202.759995,202.800003,1825300,188.897766
2019-03-07,202.559998,202.559998,198.5,199.860001,3339600,186.159286
2019-03-08,198.380005,201.169998,198,200.889999,1724500,187.118683
2019-03-11,201.880005,207.160004,201.660004,207.100006,2385300,192.902985
2019-03-12,207.839996,208.389999,205.380005,205.800003,2115100,191.692093
2019-03-13,206.830002,207.300003,205.630005,206.660004,2036700,192.493134
2019-03-14,206.699997,207.449997,205.729996,207.380005,1793400,193.163788
2019-03-15,208.399994,208.660004,206.789993,208.080002,4394700,193.815796
2019-03-18,208.440002,208.600006,205.610001,208.490005,1843600,194.197693
2019-03-19,209.100006,210.539993,208.309998,209.020004,2351600,194.69136
2019-03-20,209,210.509995,207.289993,208.300003,1734600,194.020737
2019-03-21,206.800003,210.160004,205.970001,209.610001,2288100,195.240906
2019-03-22,208.289993,208.490005,204.470001,204.660004,2716100,190.630249
2019-03-25,203.460007,205.470001,202.25,203.210007,2020600,189.279648
2019-03-26,205,207.639999,204.770004,207.240005,1895600,193.033386
2019-03-27,207.399994,207.940002,205.130005,207.160004,2004000,192.958862
2019-03-28,208,208.740005,206.639999,208.529999,1670600,194.23494
2019-03-29,209.289993,209.5,206.199997,207.779999,2858300,193.536377
2019-04-01,209.889999,212.389999,209.259995,211.940002,2588400,197.411209
2019-04-02,212.240005,212.699997,211,212.130005,1413500,197.588196
2019-04-03,212.949997,213.929993,212.440002,213.130005,1570000,198.519623
2019-04-04,213.5,215.270004,212.330002,215.029999,1560900,200.289368
2019-04-05,215.880005,216.490005,214.800003,215.410004,1391100,200.643326
2019-04-08,214.710007,215.070007,213.470001,215.020004,1130000,200.280075
2019-04-09,214.419998,214.570007,211.820007,211.960007,1516500,197.429825
2019-04-10,212.419998,212.710007,210.720001,212.110001,1348600,197.569534
2019-04-11,211.710007,213.710007,211.440002,213.529999,1181200,198.892181
2019-04-12,215.100006,217.490005,214.350006,217.419998,1922400,202.515549
2019-04-15,216.839996,217.360001,214.899994,215.830002,1483300,201.034515
2019-04-16,216.589996,217.669998,215.479996,216.899994,1549600,202.031189
2019-04-17,217.630005,219.330002,217.179993,217.639999,1977600,202.720459
2019-04-18,217.979996,219.669998,217.619995,218.880005,1780100,203.875473
2019-04-22,217.300003,219.399994,217.270004,218.539993,1403500,203.558746
2019-04-23,218.009995,219.550003,217.179993,219.5,1561800,204.452942
2019-04-24,219,219.75,218.100006,219.080002,2048900,204.061737
2019-04-25,197.539993,198.960007,189.600006,190.720001,14646200,177.645889
2019-04-26,190.529999,192.25,189.360001,191.669998,4491300,178.530731
2019-04-29,191.520004,192.190002,189.75,190.210007,3803400,177.170822
2019-04-30,190.860001,190.860001,186.550003,189.509995,4541000,176.518814
2019-05-01,189.490005,189.710007,185.919998,186.070007,3818500,173.314636
2019-05-02,184.5,186.5,183.380005,184.75,5654900,172.085114
2019-05-03,185.809998,186.690002,184.089996,185.220001,4747700,172.522873
2019-05-06,182.039993,183.110001,180.130005,183.039993,6517600,170.492325
2019-05-07,181.809998,181.899994,177.809998,179.119995,5415600,166.841064
2019-05-08,179.509995,180.529999,178.5,178.589996,2990500,166.347397
2019-05-09,177.300003,177.399994,174.179993,175.279999,5098200,163.264282
2019-05-10,175.020004,176.330002,173.009995,175.860001,5012300,163.804535
2019-05-13,173.940002,174.580002,172.789993,174.070007,5916700,162.137253
2019-05-14,174.789993,176.970001,174.509995,175.210007,4014000,163.199097
2019-05-15,174.020004,175.649994,173.649994,174.119995,3015500,162.183807
2019-05-16,174.389999,174.389999,171.360001,171.809998,4039500,160.032135
2019-05-17,170,170.259995,168.429993,169.089996,4595000,157.498627
2019-05-20,167.960007,167.960007,165.610001,166.25,4374600,154.853317
2019-05-21,167.009995,167.419998,166.179993,167.300003,4148200,155.831329
2019-05-22,167.429993,170.759995,166.460007,169.740005,4504200,158.10408
2019-05-23,167.580002,168.300003,164.589996,165.869995,3830200,155.821274
2019-05-24,166.339996,167.419998,165.320007,166.089996,2366900,156.027939
2019-05-28,166.800003,166.990005,163.350006,163.350006,4875100,153.453979
2019-05-29,163.009995,163.800003,160.5,161.399994,3669000,151.62207
2019-05-30,161.399994,162.270004,160,160.580002,2478700,150.851761
2019-05-31,159.830002,160.740005,159.630005,159.75,3521900,150.072067
2019-06-03,159.75,161.5,159.320007,160.039993,3726500,150.344482
2019-06-04,161.729996,165.089996,161.580002,164.289993,3746800,154.337021
2019-06-05,165.139999,165.830002,162.880005,163.850006,3161600,153.92366
2019-06-06,164,166.350006,162.460007,164.720001,3581800,154.740952
2019-06-07,165.559998,167.089996,164.639999,166.610001,2017700,156.516449
2019-06-10,168.110001,170.220001,167.869995,168.289993,2257600,158.094681
2019-06-11,169.910004,170.360001,168.5,168.910004,2227200,158.677109
2019-06-12,169.869995,170.149994,168.589996,169.009995,2166400,158.771057
2019-06-13,169.360001,169.899994,167.869995,168.850006,2141500,158.620758
2019-06-14,168.240005,168.25,166.050003,166.690002,2719200,156.591599
2019-06-17,167.100006,167.429993,166.460007,166.779999,1783300,156.676147
2019-06-18,167.850006,172.270004,167.570007,171.860001,3623000,161.44841
2019-06-19,171.880005,172.809998,170.539993,170.75,2777400,160.405655
2019-06-20,172.869995,174.279999,171.699997,173.940002,3064200,163.402374
2019-06-21,173.75,174.559998,172.630005,173.350006,4880800,162.848129
2019-06-24,173.350006,174.339996,173.339996,173.380005,2711900,162.876328
2019-06-25,173.25,173.389999,171.279999,172.029999,2733200,161.608093
2019-06-26,172.350006,173.240005,171.720001,171.880005,1812200,161.467194
2019-06-27,172.509995,172.789993,170.649994,171.5,1718500,161.110229
2019-06-28,171.850006,174.369995,171.770004,173.339996,3600800,162.83873
2019-07-01,175.460007,175.779999,173.520004,174.509995,2106700,163.937851
2019-07-02,175.100006,175.100006,173.070007,174.020004,1555400,163.477554
2019-07-03,174.169998,175.039993,172.929993,174.979996,1170700,164.379364
2019-07-05,173,173.279999,169.729996,172,1740500,161.579926
2019-07-08,169.919998,170.479996,168.770004,169.190002,2285300,158.940155
2019-07-09,166.820007,167.449997,164.289993,165.699997,4536100,155.661591
2019-07-10,166.190002,167.320007,165.570007,165.699997,2661700,155.661591
2019-07-11,166.300003,169.089996,165.869995,169.039993,2814800,158.79924
2019-07-12,170.100006,173.360001,169.25,173.339996,3160700,162.83873
2019-07-15,173.380005,174.25,171.210007,172.839996,2187500,162.369003
2019-07-16,172.75,177.25,172.720001,176.490005,3918900,165.797913
2019-07-17,176.350006,176.490005,174.100006,174.669998,2947400,164.088165
2019-07-18,174.419998,175.139999,172.399994,173.059998,2221800,162.575714
2019-07-19,173.009995,173.990005,172.210007,172.610001,2360300,162.152969
2019-07-22,172.809998,175.210007,172.130005,174.639999,2004400,164.059982
2019-07-23,176,178.020004,175.649994,177.520004,2360700,166.765503
2019-07-24,176.929993,180.289993,176.259995,179.419998,3532300,168.5504
2019-07-25,187.009995,187.720001,176.660004,178.130005,7362000,167.338547
2019-07-26,177.630005,178.389999,170.570007,173.979996,4016100,163.439972
2019-07-29,173.830002,177.619995,173.660004,176.759995,2638900,166.051544
2019-07-30,175.660004,177.809998,173.800003,177.630005,1978900,166.868835
2019-07-31,177.649994,178.020004,173.399994,174.720001,3015800,164.135117
2019-08-01,174.789993,177.669998,173.029999,173.360001,2381200,162.857513
2019-08-02,172.860001,172.919998,169.809998,170.550003,2423100,160.217758
2019-08-05,168.949997,169.020004,164.419998,164.710007,2894700,154.731583
2019-08-06,164.820007,165.479996,162.899994,163.710007,3494800,153.79216
2019-08-07,162,163.949997,158.039993,163.639999,5993200,153.726379
2019-08-08,164.369995,165.490005,163.550003,164.220001,3260100,154.27124
2019-08-09,164.539993,164.75,162.029999,163.470001,1582100,153.566681
2019-08-12,163.020004,164.779999,161.550003,162.100006,1473800,152.279678
2019-08-13,162.559998,167.880005,162.149994,164.880005,3244600,154.891266
2019-08-14,162.5,162.869995,158.669998,158.809998,4056100,149.18898
2019-08-15,158.059998,159.699997,155.630005,156.839996,4452700,148.686569
2019-08-16,157.839996,161.910004,157.449997,161.5,3481800,153.104279
2019-08-19,163.710007,163.949997,161.779999,162.949997,3198000,154.478912
2019-08-20,163.110001,163.110001,160.960007,161.009995,2061700,152.639771
2019-08-21,162.690002,163.649994,161.050003,161.149994,1623600,152.772461
2019-08-22,162,162.929993,160.149994,160.880005,1441600,152.516541
2019-08-23,160.080002,160.350006,155.270004,155.850006,4223900,147.748016
2019-08-26,157.009995,157.470001,155.080002,156.119995,2215300,148.003952
2019-08-27,157.330002,157.479996,155.399994,155.75,2281100,147.653198
2019-08-28,155.100006,157.779999,154,157.550003,2346900,149.359634
2019-08-29,159.300003,161.029999,159.050003,160.360001,3170500,152.023544
2019-08-30,161.570007,162.149994,160.410004,161.720001,1967000,153.312851
2019-09-03,161.399994,161.630005,157.259995,158.639999,1835800,150.392975
2019-09-04,159.830002,160.630005,158.990005,160.070007,1506600,151.748642
2019-09-05,162.5,166.410004,162.389999,164.229996,2421400,155.692368
2019-09-06,164.639999,164.880005,162.949997,163.940002,1762300,155.41745
2019-09-09,165,167.850006,164.690002,165.940002,3091300,157.313492
2019-09-10,166.160004,169.100006,166.009995,168.860001,3240200,160.081665
2019-09-11,169.860001,169.889999,165.369995,168.080002,3579100,159.342224
2019-09-12,169.619995,171.850006,168.610001,170.580002,2870400,161.712265
2019-09-13,170.589996,172.479996,169.860001,171.440002,2534200,162.527542
2019-09-16,171.210007,171.210007,167.910004,169.669998,2459300,160.849579
2019-09-17,167.759995,168.570007,166.5,168.070007,2716400,159.332733
2019-09-18,167.610001,168.050003,165.25,167.440002,2096700,158.735519
2019-09-19,167.389999,168.809998,166.910004,167.070007,1623000,158.38475
2019-09-20,167.429993,169.169998,166.479996,166.759995,3698900,158.090866
2019-09-23,165.490005,167.429993,164.5,166.759995,1938600,158.090866
2019-09-24,167.050003,167.550003,164.160004,164.740005,2986800,156.175858
2019-09-25,164.759995,164.979996,163.690002,164,2758200,155.474319
2019-09-26,164,164.410004,162.800003,163.830002,2763300,155.313171
2019-09-27,164.479996,165.639999,163.520004,164.529999,2870300,155.976776
2019-09-30,165.210007,165.570007,163.940002,164.399994,2508500,155.853531
2019-10-01,165,165.210007,158.169998,158.380005,3271500,150.146484
2019-10-02,157.059998,157.220001,154.630005,155.649994,2972300,147.558395
2019-10-03,155.139999,155.460007,150.809998,155.229996,3025700,147.160248
2019-10-04,155.229996,156.050003,154.399994,155.820007,2646400,147.719559
2019-10-07,155,155.350006,153.520004,153.520004,2471200,145.539139
2019-10-08,152.330002,152.800003,150.580002,150.740005,2781800,142.903671
2019-10-09,152.339996,152.440002,150.789993,150.990005,3358600,143.140686
2019-10-10,150.949997,153.089996,150.869995,152.309998,3192000,144.392029
2019-10-11,154.130005,159.600006,154.110001,158.100006,4670200,149.881058
2019-10-14,158.039993,162.389999,157.339996,160.509995,3269800,152.165771
2019-10-15,159.350006,164.020004,159.350006,162.979996,3098600,154.507339
2019-10-16,163.100006,164.199997,162.119995,162.179993,1935200,153.748932
2019-10-17,163.139999,165.490005,163.080002,163.539993,1944600,155.038239
2019-10-18,163.559998,164.270004,162.979996,163.100006,2693700,154.621124
2019-10-21,165.470001,166.149994,164.759995,165.940002,1998600,157.313492
2019-10-22,166.270004,168.910004,165.100006,167.539993,2064000,158.830276
2019-10-23,167.410004,168.759995,166.559998,168.759995,2712300,159.986862
2019-10-24,165.160004,165.25,159.630005,161.889999,5953300,153.474014
2019-10-25,162.509995,167.630005,162.130005,166.089996,3104800,157.455658
2019-10-28,166.479996,169.710007,166.199997,169.059998,3138000,160.271286
2019-10-29,168.029999,169.949997,167.509995,168.809998,2669400,160.034271
2019-10-30,168.229996,168.570007,167.029999,168.369995,1780400,159.617126
2019-10-31,168.509995,168.559998,163.550003,164.990005,2653100,156.412872
2019-11-01,166.940002,170.149994,166.720001,170.089996,2467400,161.247726
2019-11-04,171.619995,175,171.619995,174.899994,4142800,165.807663
2019-11-05,175,175.460007,173.770004,175.270004,2304400,166.158447
2019-11-06,174.910004,175,172.360001,174,3012900,164.954468
2019-11-07,175.729996,176.710007,173.789993,174.520004,3358800,165.447433
2019-11-08,174.580002,174.869995,172.110001,173.149994,1615600,164.148651
2019-11-11,172.5,172.5,169.649994,170.110001,2664300,161.266708
2019-11-12,170.360001,172.070007,170.029999,170.839996,1740400,161.95874
2019-11-13,170.110001,171.389999,169.580002,170.550003,1638800,161.683823
2019-11-14,169.979996,172.320007,169.929993,170.929993,1613900,162.044067
2019-11-15,171.660004,172.690002,171.039993,171.880005,2616900,162.944687
2019-11-18,170.789993,171.199997,169.169998,170.539993,2364600,161.674347
2019-11-19,171.720001,171.720001,169.529999,170.679993,1791800,161.807053
2019-11-20,169.789993,170,167.149994,167.770004,2689500,159.048355
2019-11-21,166.880005,167,164.509995,165.139999,3605900,157.910431
2019-11-22,165.5,167.75,165,167.600006,3268300,160.262756
2019-11-25,168.470001,170.360001,167.869995,170.240005,2761900,162.78717
2019-11-26,169.800003,170.25,168.710007,169.229996,2610900,161.821365
2019-11-27,170,171.369995,169.509995,170.610001,1331500,163.140976
2019-11-29,170.429993,170.580002,169.259995,169.770004,942500,162.337738
2019-12-02,170.160004,171.699997,168.240005,168.270004,2342200,160.903412
2019-12-03,166.5,166.600006,164.399994,165.169998,2702000,157.939102
2019-12-04,166.419998,168.869995,166,167.139999,2139200,159.822876
2019-12-05,167.220001,167.869995,162.720001,164.369995,3309300,157.174149
2019-12-06,167.25,171.990005,167.25,171.470001,3880000,163.963318
2019-12-09,169.399994,171.259995,168.789993,169.830002,2058200,162.395111
2019-12-10,169.130005,169.389999,166.970001,167.660004,2670500,160.320114
2019-12-11,168.380005,168.839996,167.330002,168.740005,1859000,161.352844
2019-12-12,166.729996,170.850006,166.330002,168.559998,2872400,161.18071
2019-12-13,169.619995,171.119995,168.080002,168.789993,2098000,161.400635
2019-12-16,168.940002,170.830002,168.190002,170.75,2917200,163.274841
2019-12-17,170.350006,171.789993,169.210007,169.929993,2672600,162.490738
2019-12-18,169.779999,170,168.190002,169.029999,2270400,161.630142
2019-12-19,169.619995,172.580002,169.149994,172.149994,2757600,164.613541
2019-12-20,174.789993,175.470001,172.199997,175.369995,7513000,167.692581
2019-12-23,176.710007,179.179993,176.559998,178.470001,4876300,170.656876
2019-12-24,178.270004,178.669998,176.039993,176.679993,1259500,168.945236
2019-12-26,176.449997,176.660004,175.5,176.589996,1435200,168.859161
2019-12-27,176.649994,177.539993,175.619995,177.259995,1472900,169.499847
2019-12-30,177.259995,178.960007,175.589996,175.830002,1715100,168.132446
2019-12-31,175.229996,176.589996,175.070007,176.419998,1573500,168.696625
2020-01-02,177.679993,180.009995,177.139999,180,3601700,172.119888
2020-01-03,177.020004,178.660004,175.630005,178.449997,2466900,170.637741
2020-01-06,177.149994,178.710007,176.350006,178.619995,1998000,170.800308
2020-01-07,178.279999,178.509995,176.820007,177.899994,2173000,170.111816
2020-01-08,178,181.5,177.649994,180.630005,2758300,172.722321
2020-01-09,181.509995,181.589996,179.759995,181.199997,2746300,173.267365
2020-01-10,181.610001,182.179993,180.139999,180.470001,2103800,172.569321
2020-01-13,180.940002,182.229996,180.360001,180.919998,2090800,172.999603
2020-01-14,180.919998,182.550003,180.210007,181.369995,2911200,173.429901
2020-01-15,181.419998,181.860001,179.179993,179.779999,2482200,171.909515
2020-01-16,180.679993,181.199997,179.690002,181.009995,2149900,173.085663
2020-01-17,181,182.149994,180.699997,181.350006,3690100,173.410797
2020-01-21,181.850006,181.910004,178.630005,179.389999,3367700,171.536591
2020-01-22,179.509995,180.570007,177.880005,178.029999,2420200,170.23613
2020-01-23,177.070007,178.440002,176.389999,177.740005,2358400,169.958832
2020-01-24,178.490005,179.809998,177.529999,178.149994,2643100,170.350891
2020-01-27,179.860001,180.589996,175.539993,175.630005,4361400,167.941208
2020-01-28,171.899994,172.339996,165.050003,165.580002,8920700,158.331177
2020-01-29,166.350006,166.470001,161.529999,162,5343900,154.907898
2020-01-30,161,162.639999,158.759995,162.509995,4357100,155.395584
2020-01-31,162,162.649994,158.229996,158.660004,5740300,151.714127
2020-02-03,160.029999,160.309998,156.380005,156.589996,3927100,149.734741
2020-02-04,159.770004,159.960007,157,157.240005,4363900,150.356293
2020-02-05,159.119995,162.330002,158.699997,162.330002,3118200,155.223434
2020-02-06,164.490005,165,162.470001,162.889999,3413800,155.758926
2020-02-07,161.410004,161.919998,159.630005,160.080002,2736200,153.071945
2020-02-10,160.210007,161.259995,158.869995,160.149994,2754800,153.138885
2020-02-11,161,162.520004,160.020004,162.449997,2275100,155.338211
2020-02-12,164.240005,165.039993,163.570007,163.800003,2736400,156.629089
2020-02-13,161.759995,161.869995,159,159.759995,3413900,154.149353
2020-02-14,159.850006,161.139999,158.820007,161.009995,2233500,155.355453
2020-02-18,160.360001,160.529999,158.039993,158.880005,2478900,153.300278
2020-02-19,159.080002,160.470001,158.360001,159.339996,2296400,153.744095
2020-02-20,159,161.389999,158.5,158.559998,3275100,152.991501
2020-02-21,158.330002,158.589996,156.119995,156.929993,3535300,151.418732
2020-02-24,154.449997,154.710007,152.220001,152.550003,3635600,147.192581
2020-02-25,153.309998,153.440002,145.970001,146.850006,5263400,141.692764
2020-02-26,149.570007,151.820007,148.089996,148.960007,5152100,143.728653
2020-02-27,151.229996,155.429993,149,150.160004,8241600,144.886505
2020-02-28,154.089996,156.720001,146,149.240005,11508700,143.99881
2020-03-02,151.339996,153.429993,148.369995,153.020004,8026300,147.646072
2020-03-03,152.440002,154,144.440002,145.240005,8296500,140.139297
2020-03-04,147.020004,154,145.990005,153.979996,5773800,148.572342
2020-03-05,150.800003,154.350006,149.550003,151.410004,5887000,146.092621
2020-03-06,149.589996,154.740005,147.869995,153.649994,7155100,148.253937
2020-03-09,146.589996,149.460007,143.550003,144.059998,8194400,139.000748
2020-03-10,149.020004,153.380005,144.880005,153.300003,5651700,147.916245
2020-03-11,149.729996,149.729996,146.470001,147.240005,4748200,142.069046
2020-03-12,139.960007,141.710007,130.339996,133.580002,8215800,128.888794
2020-03-13,141.009995,141.690002,131,141.679993,6580300,136.7043
2020-03-16,129.860001,135.5,128.009995,130.910004,7440800,126.312561
2020-03-17,131.940002,136.770004,129.610001,134.440002,6535400,129.718567
2020-03-18,128.460007,139.369995,128.389999,137.020004,6860400,132.207977
2020-03-19,137.710007,140.179993,132.929993,137.509995,6365700,132.680756
2020-03-20,138.070007,139.240005,122.709999,124.889999,9589200,120.503967
2020-03-23,128.160004,128.399994,114.040001,117.870003,7934300,113.730507
2020-03-24,122.290001,133.449997,121,132.720001,9311700,128.059006
2020-03-25,133.149994,134.690002,126.800003,131.539993,7742500,126.920425
2020-03-26,131.789993,136.380005,130.610001,136.179993,6717000,131.397476
2020-03-27,132.830002,137.070007,130.910004,133.240005,4262300,128.56073
2020-03-30,132.25,138.009995,131.059998,137.740005,3869500,132.902679
2020-03-31,135.690002,139.440002,135.679993,136.509995,3613700,131.715866
2020-04-01,132,135.839996,131.009995,133.139999,3777600,128.464233
2020-04-02,132.360001,138.210007,132.100006,137.910004,3990300,133.066711
2020-04-03,136.009995,137.440002,132.899994,133.789993,3588300,129.0914
2020-04-06,137.860001,141.25,136.899994,140.699997,5639700,135.758728
2020-04-07,147.5,150.639999,144.399994,144.600006,5496300,139.521759
2020-04-08,145.729996,149.720001,143.910004,148.990005,3071100,143.757614
2020-04-09,148.460007,149.729996,146.539993,147.779999,4784200,142.590088
2020-04-13,147.5,148.580002,145.300003,146.399994,2642300,141.25853
2020-04-14,149.619995,150.979996,148.050003,150.139999,3318400,144.867203
2020-04-15,148.190002,148.550003,144.899994,145.160004,3043900,140.062088
2020-04-16,145.270004,146.449997,143.229996,144.899994,4170400,139.811234
2020-04-17,147.440002,148.5,144.800003,146.460007,5393100,141.316452
2020-04-20,144.75,147.020004,143.649994,143.669998,2893000,138.62442
2020-04-21,142.25,142.770004,140.5,141.630005,2331100,136.656082
2020-04-22,143.360001,144.479996,141.710007,143.610001,2750400,138.566544
2020-04-23,144.580002,147.580002,143.880005,144.330002,2585300,139.261246
2020-04-24,145.169998,147.339996,144.309998,147,2247700,141.837494
2020-04-27,148,154.490005,147.889999,153.649994,4644900,148.253937
2020-04-28,160.029999,163.080002,155.199997,157.610001,8294100,152.074875
2020-04-29,158.539993,160.220001,155.169998,156.259995,3987100,150.772278
2020-04-30,154.309998,154.940002,151.75,151.919998,3667800,146.584702
2020-05-01,149.300003,150.039993,147.729996,148.600006,2926400,143.381302
2020-05-04,148.539993,148.559998,146.059998,148.399994,2229800,143.188293
2020-05-05,149.889999,150,147.100006,147.429993,2269200,142.25238
2020-05-06,147.789993,148.169998,145.990005,146.199997,2168600,141.065567
2020-05-07,147.699997,147.850006,144.899994,145.740005,2800800,140.621735
2020-05-08,147.080002,149.179993,146.380005,148.509995,2169700,143.294449
2020-05-11,147.820007,147.960007,145.589996,145.729996,3034600,140.612076
2020-05-12,146.550003,147.220001,141.449997,141.520004,3030000,136.549927
2020-05-13,140.710007,140.729996,135,136.119995,4806000,131.339584
2020-05-14,135,136.149994,131.119995,135.990005,5897700,131.214157
2020-05-15,134.529999,138.869995,134.199997,138.690002,10113700,133.819321
2020-05-18,143.160004,149.720001,142.509995,149.270004,6018500,144.027756
2020-05-19,148.5,151.649994,147.369995,148.380005,4059900,143.169022
2020-05-20,149.869995,151.429993,148.830002,149.679993,3428800,144.42334
2020-05-21,147.740005,148.639999,145.339996,145.809998,2789100,142.084671
2020-05-22,145.740005,146.639999,144.600006,146.440002,2661400,142.698593
2020-05-26,150.429993,152.979996,149.199997,152.080002,4616300,148.194473
2020-05-27,153.990005,158.160004,153.339996,158.149994,6056300,154.10939
2020-05-28,158.710007,159.869995,154.130005,156.820007,6730700,152.813385
2020-05-29,155.5,156.869995,153.050003,156.440002,8632700,152.443085
2020-06-01,155.949997,157.550003,154.889999,155.580002,2083400,151.605072
2020-06-02,156.75,158.600006,156.630005,157.639999,2333800,153.612442
2020-06-03,159.350006,161.660004,158.520004,161.210007,3674300,157.091232
2020-06-04,159.759995,162.580002,159.179993,162.550003,2880700,158.396988
2020-06-05,165,168.350006,165,167.410004,4527200,163.132813
2020-06-08,167.100006,169.539993,165.270004,166.869995,2987600,162.606598
2020-06-09,165.479996,167.960007,164.080002,166.699997,3161600,162.440964
2020-06-10,166.899994,167.339996,163.809998,163.899994,2551300,159.712479
2020-06-11,160.059998,160.25,152.309998,152.380005,5016600,148.486832
2020-06-12,156.279999,157.419998,151.729996,154.869995,2998800,150.913193
2020-06-15,150.880005,159.619995,150.490005,157.729996,4093800,153.700119
2020-06-16,162.850006,163.380005,156.889999,159.669998,3386700,155.590561
2020-06-17,160.199997,160.869995,158.970001,159.220001,1714600,155.152069
2020-06-18,158.070007,159.830002,157.589996,159.210007,1806100,155.142319
2020-06-19,161.350006,162.089996,156.470001,158.149994,6405200,154.10939
2020-06-22,157,157.419998,155.479996,156.690002,2020900,152.686707
2020-06-23,157.960007,158.669998,156.240005,157.839996,2301800,153.807312
2020-06-24,156.289993,156.729996,151.710007,152.220001,3042800,148.330902
2020-06-25,152.050003,155.050003,150.100006,154.669998,2060700,150.718292
2020-06-26,154.600006,154.779999,151.529999,152.520004,2826400,148.623245
2020-06-29,153.899994,156.509995,153.479996,155.570007,2145100,151.595322
2020-06-30,154.910004,156.710007,154.050003,155.990005,2941600,152.004593
2020-07-01,156.339996,157.800003,155.309998,155.429993,1625600,151.458893
2020-07-02,157.619995,158.880005,156.460007,157.039993,1982800,153.02774
2020-07-06,158.869995,159.960007,157.050003,158.100006,2099500,154.060669
2020-07-07,156.080002,157.100006,154.690002,154.820007,1571700,150.864502
2020-07-08,155.070007,155.600006,153.869995,154.580002,1662000,150.630615
2020-07-09,153.919998,154.720001,151.039993,151.449997,2190000,147.580582
2020-07-10,151.690002,153.25,150.990005,152.850006,1954500,148.944809
2020-07-13,154.350006,156.929993,154.160004,154.800003,2217800,150.844986
2020-07-14,154.800003,159.229996,153.919998,158.539993,3198900,154.489426
2020-07-15,159.979996,161.380005,159.25,159.330002,3472300,155.259247
2020-07-16,159.25,160.910004,158.039993,160.5,1801500,156.399353
2020-07-17,160.860001,161.559998,159.509995,159.830002,2551700,155.746475
2020-07-20,158.850006,158.869995,156.369995,156.369995,1790100,152.374878
2020-07-21,157,159.630005,156.990005,157.800003,2757200,153.768341
2020-07-22,157.429993,159.929993,157.020004,158.710007,1899600,154.65509
2020-07-23,159,159.649994,158.360001,159.289993,2695100,155.220261
2020-07-24,160.050003,161.600006,158.720001,159.839996,2524700,155.75621
2020-07-27,159.529999,163.380005,159.330002,163.240005,3198500,159.069351
2020-07-28,155.470001,157.479996,153.800003,155.330002,7738800,151.36145
2020-07-29,156.5,157.529999,154.919998,156.25,3322700,152.257935
2020-07-30,154.309998,154.720001,151.360001,152.119995,3113000,148.233444
2020-07-31,151.679993,151.75,148.800003,150.470001,3266400,146.625626
2020-08-03,151.089996,151.419998,149.309998,150.410004,2264900,146.567154
2020-08-04,149.899994,151.240005,149.660004,151.210007,1935500,147.34671
2020-08-05,152.160004,155.399994,152.100006,155.350006,2723400,151.380951
2020-08-06,155.929993,156.490005,154.679993,156,2885800,152.014343
2020-08-07,155.990005,158.419998,155.070007,158.330002,2184300,154.28479
2020-08-10,158.550003,161.600006,158.550003,161.440002,2272800,157.315353
2020-08-11,164.130005,166.639999,163.039993,163.380005,3764500,159.205795
2020-08-12,165,165.949997,163.350006,164.259995,2079700,160.063293
2020-08-13,165.520004,167.490005,164.75,165.860001,2884000,161.622421
2020-08-14,164.610001,166.300003,164.520004,166.100006,1607300,161.856293
2020-08-17,165.169998,166.369995,163.649994,164.710007,2068100,160.501801
2020-08-18,164.429993,165.440002,163.759995,164.380005,1519100,160.180252
2020-08-19,164.940002,165.690002,163.779999,163.970001,2012800,159.780701
2020-08-20,163.020004,163.660004,162.380005,162.970001,1990300,158.806259
2020-08-21,160.929993,162.690002,160.740005,161.710007,2005600,159.012756
2020-08-24,161.550003,163.949997,161.149994,163.529999,2604400,160.802399
2020-08-25,164.860001,165.25,162.419998,163.100006,1938500,160.379578
2020-08-26,162.869995,164.770004,161.690002,163.899994,2503400,161.166214
2020-08-27,164.5,165.360001,163.179993,164.080002,2325900,161.343216
2020-08-28,164.639999,166.169998,163.919998,165.660004,3046300,162.896866
2020-08-31,165.160004,165.75,162.089996,163.020004,2881100,160.300903
2020-09-01,162.169998,165.550003,161.639999,164.800003,2901100,162.051208
2020-09-02,165.160004,170,165.139999,169.509995,3943700,166.682648
2020-09-03,170,170.419998,164.990005,166.309998,3481300,163.536026
2020-09-04,168.179993,169.110001,163.899994,165.770004,3267000,163.005035
2020-09-08,165.580002,165.630005,161.880005,163.169998,2863900,160.44841
2020-09-09,164,167.339996,164,165.699997,2721700,162.936203
2020-09-10,166.240005,166.669998,162.75,163.149994,2054200,160.428726
2020-09-11,163.440002,166.699997,163.059998,166.169998,1698500,163.398361
2020-09-14,167.660004,169.429993,166.429993,168.460007,2264200,165.650177
2020-09-15,169.869995,169.929993,166.169998,166.570007,2056300,163.791702
2020-09-16,167.869995,171.100006,167.509995,169.509995,2931700,166.682648
2020-09-17,168,173.199997,167.190002,172.380005,2756100,169.504791
2020-09-18,172.059998,172.779999,169.470001,169.550003,4084500,166.722
2020-09-21,165.979996,166.669998,159.639999,161.360001,3911700,158.668594
2020-09-22,161.059998,163.669998,160.419998,162.339996,2103800,159.632248
2020-09-23,162.520004,164.240005,159.119995,159.509995,2248200,156.849442
2020-09-24,159.399994,161.960007,158.070007,160.419998,1569700,157.744263
2020-09-25,159.309998,160.979996,158.860001,160.270004,1948900,157.596786
2020-09-28,162,164.139999,161.330002,161.660004,2098500,158.963593
2020-09-29,161.669998,161.949997,158.779999,159.809998,2006700,157.14444
2020-09-30,160.929993,163.100006,158.610001,160.179993,3056900,157.50827
2020-10-01,160.669998,161.899994,157.720001,158.789993,1989100,156.141449
2020-10-02,156.470001,161.940002,156.25,160.360001,1768600,157.685272
2020-10-05,162.25,163.5,161.759995,162.75,1457000,160.035416
2020-10-06,163.440002,165.699997,161.830002,162.229996,2021900,159.524078
2020-10-07,165.100006,167.75,164.410004,166.490005,2155400,163.713043
2020-10-08,167.300003,168.149994,166.130005,167.710007,1902600,164.912689
2020-10-09,168.880005,170.479996,167.949997,169.300003,2015500,166.476151
2020-10-12,169.470001,170.610001,168.119995,168.649994,1533600,165.837006
2020-10-13,168.300003,169.449997,166,166.630005,1575300,163.850693
2020-10-14,167.009995,169.539993,166.789993,168.399994,1435300,165.591156
2020-10-15,166.050003,169.679993,165.800003,169.080002,1638100,166.259827
2020-10-16,169.940002,172.070007,169.220001,170.970001,2478600,168.118317
2020-10-19,171.020004,172.350006,168.869995,169.550003,1909900,166.722
2020-10-20,170.5,173.190002,169.990005,170.949997,1813000,168.098633
2020-10-21,170.339996,172.110001,169.070007,169.169998,1511100,166.348312
2020-10-22,169.639999,170.990005,168.389999,170.710007,1663200,167.862656
2020-10-23,171.919998,172.179993,169.020004,169.800003,2137500,166.967819
2020-10-26,167.679993,168.089996,164.389999,166.160004,3338800,163.388535
2020-10-27,164.5,164.979996,160.649994,161.029999,3894400,158.344086
2020-10-28,159.809998,162.850006,158.119995,158.529999,3065100,155.885803
2020-10-29,158.110001,160.179993,156.130005,158.479996,2680900,155.836624
2020-10-30,158.330002,159.960007,157,159.960007,2234500,157.291946
2020-11-02,162.190002,163.419998,160.929993,162.940002,2116600,160.222244
2020-11-03,164.860001,166.830002,163.740005,165.509995,1896900,162.749359
2020-11-04,162.75,165.300003,159.899994,160.160004,3140900,157.488602
2020-11-05,162.160004,164.410004,162.020004,163.199997,2178500,160.477905
2020-11-06,163.660004,164.300003,161.570007,163.020004,1685000,160.300903
2020-11-09,174.130005,175.429993,163.149994,163.429993,4418100,160.704056
2020-11-10,165.190002,169.270004,163.860001,169.139999,3500400,166.318817
2020-11-11,170.729996,170.740005,167.600006,169.210007,2884400,166.387665
2020-11-12,168.149994,169.190002,165.580002,167.050003,2216700,164.263687
2020-11-13,167.919998,170.259995,167.279999,169.789993,1812100,166.957977
2020-11-16,172.619995,173.889999,170.179993,173.860001,2434300,170.960098
2020-11-17,173.039993,174.5,170.860001,173.639999,2589900,170.743774
2020-11-18,174.5,174.699997,171.330002,171.399994,2615800,168.541122
2020-11-19,170.570007,171.880005,169.300003,171.610001,2986000,170.207397
2020-11-20,171.5,172.949997,170.960007,172.889999,2656900,171.476944
2020-11-23,173.759995,174.860001,173.449997,174.139999,2064300,172.716721
2020-11-24,175,177.220001,174.899994,177.080002,3086000,175.63269
2020-11-25,176.839996,177.339996,175.449997,177.119995,2052200,175.672363
2020-11-27,177.820007,179.630005,175.570007,176.889999,1267100,175.444244
2020-11-30,175.770004,176,172.699997,172.729996,6141300,171.318237
2020-12-01,174.220001,175.690002,170.009995,170.520004,3859600,169.126312
2020-12-02,170.259995,172.580002,170.220001,171.850006,2421800,170.44545
2020-12-03,171.039993,173.389999,171.039993,171.830002,2377800,170.425613
2020-12-04,172.130005,173.160004,171.539993,172.460007,2663600,171.050461
2020-12-07,171.720001,172.5,169.179993,170.149994,2526800,168.759323
2020-12-08,169.740005,172.830002,169.699997,172.460007,1730800,171.050461
2020-12-09,172.669998,175.639999,171.929993,175.289993,2790900,173.857315
2020-12-10,174.869995,175.399994,172.690002,173.490005,2228800,172.072037
2020-12-11,172.300003,174.649994,172.169998,174.020004,1875700,172.597702
2020-12-14,175.669998,176.199997,172.990005,173.080002,3700100,171.66539
2020-12-15,174.389999,175.059998,172.550003,174.679993,2270600,173.252304
2020-12-16,174.610001,175.850006,174.350006,175.410004,1949900,173.976349
2020-12-17,176,177.460007,175.389999,176.649994,2327800,175.206207
2020-12-18,176.759995,177.460007,175.110001,176.419998,4682000,174.978088
2020-12-21,173.610001,176.130005,173.029999,175.660004,1704600,174.224304
2020-12-22,175.050003,175.929993,174.179993,174.779999,1381200,173.351486
2020-12-23,175.300003,175.809998,173.960007,173.990005,1762600,172.567963
2020-12-24,174.419998,174.789993,173.419998,174.520004,656200,173.093628
2020-12-28,175.309998,176.399994,174.389999,174.710007,1403000,173.282074
2020-12-29,175.550003,175.639999,173.149994,173.850006,1218900,172.429108
2020-12-30,173.880005,174.919998,173.380005,174.110001,1419100,172.686966
2020-12-31,174.119995,174.869995,173.179993,174.789993,1841300,173.361404
2021-01-04,175,176.199997,170.550003,171.869995,2996200,170.465271
2021-01-05,172.009995,173.25,170.649994,171.580002,2295300,170.177643
2021-01-06,172.720001,175.570007,172.039993,174.190002,3346400,172.766312
2021-01-07,171.559998,173.460007,166.160004,169.720001,5863400,168.332855
2021-01-08,169.169998,169.539993,164.610001,166.619995,4808100,165.258179
2021-01-11,166.100006,167.139999,165,165.199997,2737100,163.849792
2021-01-12,165.899994,167.179993,164.080002,166.509995,2949100,165.149078
2021-01-13,167.270004,167.740005,166.050003,166.279999,2098000,164.920959
2021-01-14,167.270004,167.360001,165.229996,166.410004,2895400,165.049911
2021-01-15,165.630005,166.259995,163.380005,165.550003,3550700,164.19693
2021-01-19,167.259995,169.550003,166.800003,169.119995,3903200,167.737747
2021-01-20,169.039993,170.580002,168.429993,170.220001,2672300,168.828766
2021-01-21,170.220001,171.490005,169.389999,170.669998,2688200,169.275085
2021-01-22,170.199997,170.199997,167.240005,169.039993,2349300,167.658401
2021-01-25,168.880005,172.490005,168.229996,170.389999,3353100,168.997375
2021-01-26,173.779999,176.839996,172.080002,175.949997,5148900,174.511932
2021-01-27,177.309998,187.270004,177.160004,186.649994,8097000,185.124466
2021-01-28,185,186.580002,182.580002,183.419998,4153700,181.920883
2021-01-29,182.289993,182.979996,174.869995,175.660004,4214600,174.224304
2021-02-01,175.970001,177.110001,173.970001,174.699997,2569700,173.272141
2021-02-02,176.25,177.529999,174.850006,175.020004,2844400,173.589539
2021-02-03,175.380005,177.440002,173.550003,175.479996,2874200,174.045761
2021-02-04,175.789993,177.289993,175.509995,177.100006,1833000,175.652542
2021-02-05,177.600006,179.229996,176.699997,179.009995,1820600,177.546921
2021-02-08,179.300003,180.869995,179.169998,180.759995,2355100,179.282608
2021-02-09,181.220001,181.899994,180.179993,180.940002,1942800,179.461151
2021-02-10,181.880005,182.380005,180.639999,181.080002,1929000,179.600006
2021-02-11,179.350006,179.880005,175.839996,177.210007,2187100,177.210007
2021-02-12,177.270004,178.839996,177.210007,178.699997,1081500,178.699997
2021-02-16,179,179.690002,176.320007,176.630005,1834000,176.630005
2021-02-17,176.050003,177.300003,175.139999,176.649994,1578100,176.649994
2021-02-18,177.25,179.669998,176.149994,179.369995,2087100,179.369995
2021-02-19,179.570007,180.770004,176.199997,176.539993,2986800,176.539993
2021-02-22,176.460007,177.089996,175.009995,176.119995,2271500,176.119995
2021-02-23,177.539993,177.539993,174.710007,176.169998,2352300,176.169998
2021-02-24,176,177.979996,173.759995,177.630005,2742600,177.630005
2021-02-25,177.520004,180.75,177.429993,178.759995,2634300,178.759995
2021-02-26,179.440002,179.449997,174.610001,175.059998,3363300,175.059998
2021-03-01,175.699997,177.5,175.699997,176.410004,1840000,176.410004
2021-03-02,177,177.789993,174.789993,177.110001,2272400,177.110001
2021-03-03,177.429993,180.020004,176.800003,178.059998,2267100,178.059998
2021-03-04,179.289993,180.179993,174.070007,177.630005,3532400,177.630005
2021-03-05,178.449997,181.559998,176.949997,180.800003,2261500,180.800003
2021-03-08,180.990005,185.699997,180.929993,183.770004,2574900,183.770004
2021-03-09,183.5,184.149994,181.020004,181.179993,2841500,181.179993
2021-03-10,182.369995,185.380005,181.410004,184.509995,2369900,184.509995
2021-03-11,183.130005,185.070007,182.100006,184.570007,2377300,184.570007
2021-03-12,185.610001,186.210007,184.270004,184.919998,2688700,184.919998
2021-03-15,186.029999,189.630005,185.710007,189.479996,3300000,189.479996
2021-03-16,188,188.460007,185.979996,186.850006,2065400,186.850006
2021-03-17,187.330002,189.990005,187.050003,188.300003,2545400,188.300003
